symbol,company_name,sector_33,market_category,scale_category,is_financial,low_liquidity_candidate,include_for_collection,priority_score
1301,極洋,水産・農林業,プライム（内国株式）,TOPIX Small 1,0,1,1,11301
1332,ニッスイ,水産・農林業,プライム（内国株式）,TOPIX Mid400,0,0,1,11332
1333,Ｕｍｉｏｓ,水産・農林業,プライム（内国株式）,TOPIX Mid400,0,0,1,11333
1375,ユキグニファクトリー,水産・農林業,プライム（内国株式）,TOPIX Small 2,0,1,1,11375
1377,サカタのタネ,水産・農林業,プライム（内国株式）,TOPIX Small 1,0,1,1,11377
1379,ホクト,水産・農林業,プライム（内国株式）,TOPIX Small 2,0,1,1,11379
1414,ショーボンドホールディングス,建設業,プライム（内国株式）,TOPIX Mid400,0,0,1,11414
1417,ミライト・ワン,建設業,プライム（内国株式）,TOPIX Mid400,0,0,1,11417
1419,タマホーム,建設業,プライム（内国株式）,TOPIX Small 1,0,1,1,11419
1429,日本アクア,建設業,プライム（内国株式）,-,0,0,1,11429
1433,ベステラ,建設業,プライム（内国株式）,-,0,0,1,11433
1515,日鉄鉱業,鉱業,プライム（内国株式）,TOPIX Small 1,0,1,1,11515
1518,三井松島ホールディングス,その他製品,プライム（内国株式）,TOPIX Small 1,0,1,1,11518
1605,ＩＮＰＥＸ,鉱業,プライム（内国株式）,TOPIX Mid400,0,0,1,11605
1662,石油資源開発,鉱業,プライム（内国株式）,TOPIX Small 1,0,1,1,11662
1663,Ｋ＆Ｏエナジーグループ,鉱業,プライム（内国株式）,TOPIX Small 1,0,1,1,11663
1719,安藤・間,建設業,プライム（内国株式）,TOPIX Mid400,0,0,1,11719
1720,東急建設,建設業,プライム（内国株式）,TOPIX Small 1,0,1,1,11720
1721,コムシスホールディングス,建設業,プライム（内国株式）,TOPIX Mid400,0,0,1,11721
1726,ビーアールホールディングス,建設業,プライム（内国株式）,TOPIX Small 2,0,1,1,11726
1762,高松コンストラクショングループ,建設業,プライム（内国株式）,TOPIX Small 2,0,1,1,11762
1766,東建コーポレーション,建設業,プライム（内国株式）,TOPIX Small 1,0,1,1,11766
1780,ヤマウラ,建設業,プライム（内国株式）,TOPIX Small 2,0,1,1,11780
1786,オリエンタル白石,建設業,プライム（内国株式）,TOPIX Small 2,0,1,1,11786
1801,大成建設,建設業,プライム（内国株式）,TOPIX Mid400,0,0,1,11801
1802,大林組,建設業,プライム（内国株式）,TOPIX Mid400,0,0,1,11802
1803,清水建設,建設業,プライム（内国株式）,TOPIX Mid400,0,0,1,11803
1808,長谷工コーポレーション,建設業,プライム（内国株式）,TOPIX Mid400,0,0,1,11808
1812,鹿島建設,建設業,プライム（内国株式）,TOPIX Mid400,0,0,1,11812
1813,不動テトラ,建設業,プライム（内国株式）,TOPIX Small 2,0,1,1,11813
1814,大末建設,建設業,プライム（内国株式）,-,0,0,1,11814
1815,鉄建建設,建設業,プライム（内国株式）,TOPIX Small 2,0,1,1,11815
1820,西松建設,建設業,プライム（内国株式）,TOPIX Mid400,0,0,1,11820
1833,奥村組,建設業,プライム（内国株式）,TOPIX Small 1,0,1,1,11833
1835,東鉄工業,建設業,プライム（内国株式）,TOPIX Small 1,0,1,1,11835
1852,淺沼組,建設業,プライム（内国株式）,TOPIX Small 1,0,1,1,11852
1860,戸田建設,建設業,プライム（内国株式）,TOPIX Mid400,0,0,1,11860
1861,熊谷組,建設業,プライム（内国株式）,TOPIX Small 1,0,1,1,11861
1870,矢作建設工業,建設業,プライム（内国株式）,TOPIX Small 1,0,1,1,11870
1871,ピーエス・コンストラクション,建設業,プライム（内国株式）,TOPIX Small 2,0,1,1,11871
1873,日本ハウスホールディングス,建設業,プライム（内国株式）,TOPIX Small 2,0,1,1,11873
1878,大東建託,不動産業,プライム（内国株式）,TOPIX Mid400,0,0,1,11878
1879,新日本建設,建設業,プライム（内国株式）,TOPIX Small 2,0,1,1,11879
1882,東亜道路工業,建設業,プライム（内国株式）,TOPIX Small 1,0,1,1,11882
1885,東亜建設工業,建設業,プライム（内国株式）,TOPIX Small 1,0,1,1,11885
1887,日本国土開発,建設業,プライム（内国株式）,TOPIX Small 2,0,1,1,11887
1888,若築建設,建設業,プライム（内国株式）,TOPIX Small 2,0,1,1,11888
1893,五洋建設,建設業,プライム（内国株式）,TOPIX Mid400,0,0,1,11893
1898,世紀東急工業,建設業,プライム（内国株式）,TOPIX Small 1,0,1,1,11898
1899,福田組,建設業,プライム（内国株式）,TOPIX Small 2,0,1,1,11899
1911,住友林業,建設業,プライム（内国株式）,TOPIX Mid400,0,0,1,11911
1925,大和ハウス工業,建設業,プライム（内国株式）,TOPIX Large70,0,0,1,11925
1926,ライト工業,建設業,プライム（内国株式）,TOPIX Small 1,0,1,1,11926
1928,積水ハウス,建設業,プライム（内国株式）,TOPIX Large70,0,0,1,11928
1929,日特建設,建設業,プライム（内国株式）,TOPIX Small 2,0,1,1,11929
1930,北陸電気工事,建設業,プライム（内国株式）,TOPIX Small 2,0,1,1,11930
1934,ユアテック,建設業,プライム（内国株式）,TOPIX Small 1,0,1,1,11934
1938,日本リーテック,建設業,プライム（内国株式）,TOPIX Small 2,0,1,1,11938
1939,四電工,建設業,プライム（内国株式）,TOPIX Small 2,0,1,1,11939
1941,中電工,建設業,プライム（内国株式）,TOPIX Small 1,0,1,1,11941
1942,関電工,建設業,プライム（内国株式）,TOPIX Mid400,0,0,1,11942
1944,きんでん,建設業,プライム（内国株式）,TOPIX Mid400,0,0,1,11944
1945,東京エネシス,建設業,プライム（内国株式）,TOPIX Small 2,0,1,1,11945
1946,トーエネック,建設業,プライム（内国株式）,TOPIX Small 2,0,1,1,11946
1950,日本電設工業,建設業,プライム（内国株式）,TOPIX Small 1,0,1,1,11950
1951,エクシオグループ,建設業,プライム（内国株式）,TOPIX Mid400,0,0,1,11951
1952,新日本空調,建設業,プライム（内国株式）,TOPIX Small 1,0,1,1,11952
1959,クラフティア,建設業,プライム（内国株式）,TOPIX Mid400,0,0,1,11959
1961,三機工業,建設業,プライム（内国株式）,TOPIX Small 1,0,1,1,11961
1963,日揮ホールディングス,建設業,プライム（内国株式）,TOPIX Mid400,0,0,1,11963
1964,中外炉工業,建設業,プライム（内国株式）,TOPIX Small 2,0,1,1,11964
1968,太平電業,建設業,プライム（内国株式）,TOPIX Small 1,0,1,1,11968
1969,高砂熱学工業,建設業,プライム（内国株式）,TOPIX Mid400,0,0,1,11969
1975,朝日工業社,建設業,プライム（内国株式）,TOPIX Small 1,0,1,1,11975
1976,明星工業,建設業,プライム（内国株式）,TOPIX Small 2,0,1,1,11976
1979,大氣社,建設業,プライム（内国株式）,TOPIX Small 1,0,1,1,11979
1980,ダイダン,建設業,プライム（内国株式）,TOPIX Small 1,0,1,1,11980
1982,日比谷総合設備,建設業,プライム（内国株式）,TOPIX Small 2,0,1,1,11982
2001,ニップン,食料品,プライム（内国株式）,TOPIX Small 1,0,1,1,12001
2002,日清製粉グループ本社,食料品,プライム（内国株式）,TOPIX Mid400,0,0,1,12002
2004,昭和産業,食料品,プライム（内国株式）,TOPIX Small 2,0,1,1,12004
2053,中部飼料,食料品,プライム（内国株式）,TOPIX Small 2,0,1,1,12053
2060,フィード・ワン,食料品,プライム（内国株式）,TOPIX Small 2,0,1,1,12060
2108,日本甜菜製糖,食料品,プライム（内国株式）,TOPIX Small 2,0,1,1,12108
2109,ＤＭ三井製糖,食料品,プライム（内国株式）,TOPIX Small 1,0,1,1,12109
2117,ウェルネオシュガー,食料品,プライム（内国株式）,TOPIX Small 2,0,1,1,12117
2120,ＬＩＦＵＬＬ,サービス業,プライム（内国株式）,TOPIX Small 2,0,1,1,12120
2121,ＭＩＸＩ,情報・通信業,プライム（内国株式）,TOPIX Small 1,0,1,1,12121
2124,ジェイエイシーリクルートメント,サービス業,プライム（内国株式）,TOPIX Small 1,0,1,1,12124
2127,日本Ｍ＆Ａセンターホールディングス,サービス業,プライム（内国株式）,TOPIX Mid400,0,0,1,12127
2130,メンバーズ,サービス業,プライム（内国株式）,TOPIX Small 2,0,1,1,12130
2146,ＵＴグループ,サービス業,プライム（内国株式）,TOPIX Small 1,0,1,1,12146
2148,アイティメディア,サービス業,プライム（内国株式）,TOPIX Small 2,0,1,1,12148
2153,Ｅ・Ｊホールディングス,サービス業,プライム（内国株式）,TOPIX Small 2,0,1,1,12153
2154,オープンアップグループ,サービス業,プライム（内国株式）,TOPIX Small 1,0,1,1,12154
2157,コシダカホールディングス,サービス業,プライム（内国株式）,TOPIX Small 1,0,1,1,12157
2163,アルトナー,サービス業,プライム（内国株式）,-,0,0,1,12163
2168,パソナグループ,サービス業,プライム（内国株式）,TOPIX Small 1,0,1,1,12168
2170,リンクアンドモチベーション,サービス業,プライム（内国株式）,TOPIX Small 2,0,1,1,12170
2175,エス・エム・エス,サービス業,プライム（内国株式）,TOPIX Small 1,0,1,1,12175
2181,パーソルホールディングス,サービス業,プライム（内国株式）,TOPIX Mid400,0,0,1,12181
2198,アイ・ケイ・ケイホールディングス,サービス業,プライム（内国株式）,-,0,0,1,12198
2201,森永製菓,食料品,プライム（内国株式）,TOPIX Mid400,0,0,1,12201
2206,江崎グリコ,食料品,プライム（内国株式）,TOPIX Mid400,0,0,1,12206
2207,ｍｅｉｔｏ,食料品,プライム（内国株式）,TOPIX Small 2,0,1,1,12207
2209,井村屋グループ,食料品,プライム（内国株式）,TOPIX Small 2,0,1,1,12209
2211,不二家,食料品,プライム（内国株式）,TOPIX Small 2,0,1,1,12211
2212,山崎製パン,食料品,プライム（内国株式）,TOPIX Mid400,0,0,1,12212
2217,モロゾフ,食料品,プライム（内国株式）,TOPIX Small 2,0,1,1,12217
2220,亀田製菓,食料品,プライム（内国株式）,TOPIX Small 1,0,1,1,12220
2222,寿スピリッツ,食料品,プライム（内国株式）,TOPIX Mid400,0,0,1,12222
2229,カルビー,食料品,プライム（内国株式）,TOPIX Mid400,0,0,1,12229
2264,森永乳業,食料品,プライム（内国株式）,TOPIX Mid400,0,0,1,12264
2266,六甲バター,食料品,プライム（内国株式）,TOPIX Small 2,0,1,1,12266
2267,ヤクルト本社,食料品,プライム（内国株式）,TOPIX Mid400,0,0,1,12267
2269,明治ホールディングス,食料品,プライム（内国株式）,TOPIX Mid400,0,0,1,12269
2270,雪印メグミルク,食料品,プライム（内国株式）,TOPIX Small 1,0,1,1,12270
2281,プリマハム,食料品,プライム（内国株式）,TOPIX Small 1,0,1,1,12281
2282,日本ハム,食料品,プライム（内国株式）,TOPIX Mid400,0,0,1,12282
2288,丸大食品,食料品,プライム（内国株式）,TOPIX Small 2,0,1,1,12288
2292,Ｓ　Ｆｏｏｄｓ,食料品,プライム（内国株式）,TOPIX Small 1,0,1,1,12292
2294,柿安本店,食料品,プライム（内国株式）,TOPIX Small 2,0,1,1,12294
2296,伊藤ハム米久ホールディングス,食料品,プライム（内国株式）,TOPIX Small 1,0,1,1,12296
2301,学情,サービス業,プライム（内国株式）,TOPIX Small 2,0,1,1,12301
2307,クロスキャット,情報・通信業,プライム（内国株式）,TOPIX Small 2,0,1,1,12307
2317,システナ,情報・通信業,プライム（内国株式）,TOPIX Small 1,0,1,1,12317
2325,ＮＪＳ,サービス業,プライム（内国株式）,TOPIX Small 2,0,1,1,12325
2326,デジタルアーツ,情報・通信業,プライム（内国株式）,TOPIX Small 1,0,1,1,12326
2327,日鉄ソリューションズ,情報・通信業,プライム（内国株式）,TOPIX Mid400,0,0,1,12327
2331,ＡＬＳＯＫ,サービス業,プライム（内国株式）,TOPIX Mid400,0,0,1,12331
2335,キューブシステム,情報・通信業,プライム（内国株式）,TOPIX Small 2,0,1,1,12335
2337,いちご,不動産業,プライム（内国株式）,TOPIX Small 1,0,1,1,12337
2353,日本駐車場開発,不動産業,プライム（内国株式）,TOPIX Small 1,0,1,1,12353
2359,コア,情報・通信業,プライム（内国株式）,TOPIX Small 2,0,1,1,12359
2371,カカクコム,サービス業,プライム（内国株式）,TOPIX Mid400,0,0,1,12371
2378,ルネサンス,サービス業,プライム（内国株式）,TOPIX Small 2,0,1,1,12378
2379,ディップ,サービス業,プライム（内国株式）,TOPIX Small 1,0,1,1,12379
2384,ＳＢＳホールディングス,陸運業,プライム（内国株式）,TOPIX Small 1,0,1,1,12384
2395,新日本科学,サービス業,プライム（内国株式）,TOPIX Small 2,0,1,1,12395
2410,キャリアデザインセンター,サービス業,プライム（内国株式）,-,0,0,1,12410
2413,エムスリー,サービス業,プライム（内国株式）,TOPIX Mid400,0,0,1,12413
2429,ワールドホールディングス,サービス業,プライム（内国株式）,TOPIX Small 2,0,1,1,12429
2432,ディー・エヌ・エー,情報・通信業,プライム（内国株式）,TOPIX Mid400,0,0,1,12432
2433,博報堂ＤＹホールディングス,サービス業,プライム（内国株式）,TOPIX Mid400,0,0,1,12433
2461,ファンコミュニケーションズ,サービス業,プライム（内国株式）,TOPIX Small 2,0,1,1,12461
2462,ライク,サービス業,プライム（内国株式）,TOPIX Small 2,0,1,1,12462
2471,エスプール,サービス業,プライム（内国株式）,TOPIX Small 2,0,1,1,12471
2475,ＷＤＢホールディングス,サービス業,プライム（内国株式）,TOPIX Small 2,0,1,1,12475
2491,バリューコマース,サービス業,プライム（内国株式）,TOPIX Small 2,0,1,1,12491
2492,インフォマート,サービス業,プライム（内国株式）,TOPIX Small 1,0,1,1,12492
2501,サッポロホールディングス,食料品,プライム（内国株式）,TOPIX Mid400,0,0,1,12501
2502,アサヒグループホールディングス,食料品,プライム（内国株式）,TOPIX Large70,0,0,1,12502
2503,キリンホールディングス,食料品,プライム（内国株式）,TOPIX Large70,0,0,1,12503
2531,宝ホールディングス,食料品,プライム（内国株式）,TOPIX Mid400,0,0,1,12531
2533,オエノンホールディングス,食料品,プライム（内国株式）,TOPIX Small 2,0,1,1,12533
2540,養命酒製造,食料品,プライム（内国株式）,TOPIX Small 2,0,1,1,12540
2579,コカ・コーラ　ボトラーズジャパンホールディングス,食料品,プライム（内国株式）,TOPIX Mid400,0,0,1,12579
2585,ライフドリンク　カンパニー,食料品,プライム（内国株式）,TOPIX Small 1,0,1,1,12585
2587,サントリー食品インターナショナル,食料品,プライム（内国株式）,TOPIX Mid400,0,0,1,12587
2590,ダイドーグループホールディングス,食料品,プライム（内国株式）,TOPIX Small 1,0,1,1,12590
2593,伊藤園,食料品,プライム（内国株式）,TOPIX Mid400,0,0,1,12593
2594,キーコーヒー,食料品,プライム（内国株式）,TOPIX Small 2,0,1,1,12594
2602,日清オイリオグループ,食料品,プライム（内国株式）,TOPIX Small 1,0,1,1,12602
2607,不二製油,食料品,プライム（内国株式）,TOPIX Mid400,0,0,1,12607
2613,Ｊ－オイルミルズ,食料品,プライム（内国株式）,TOPIX Small 2,0,1,1,12613
2659,サンエー,小売業,プライム（内国株式）,TOPIX Small 1,0,1,1,12659
2664,カワチ薬品,小売業,プライム（内国株式）,TOPIX Small 1,0,1,1,12664
2670,エービーシー・マート,小売業,プライム（内国株式）,TOPIX Mid400,0,0,1,12670
2674,ハードオフコーポレーション,小売業,プライム（内国株式）,TOPIX Small 2,0,1,1,12674
2676,高千穂交易,卸売業,プライム（内国株式）,TOPIX Small 2,0,1,1,12676
2678,アスクル,小売業,プライム（内国株式）,TOPIX Small 1,0,1,1,12678
2681,ゲオホールディングス,小売業,プライム（内国株式）,TOPIX Small 1,0,1,1,12681
2685,アンドエスティＨＤ,小売業,プライム（内国株式）,TOPIX Small 1,0,1,1,12685
2692,伊藤忠食品,卸売業,プライム（内国株式）,TOPIX Small 2,0,1,1,12692
2695,くら寿司,小売業,プライム（内国株式）,TOPIX Small 1,0,1,1,12695
2726,パルグループホールディングス,小売業,プライム（内国株式）,TOPIX Small 1,0,1,1,12726
2730,エディオン,小売業,プライム（内国株式）,TOPIX Small 1,0,1,1,12730
2733,あらた,卸売業,プライム（内国株式）,TOPIX Small 1,0,1,1,12733
2734,サーラコーポレーション,小売業,プライム（内国株式）,TOPIX Small 2,0,1,1,12734
2737,トーメンデバイス,卸売業,プライム（内国株式）,TOPIX Small 2,0,1,1,12737
2742,ハローズ,小売業,プライム（内国株式）,TOPIX Small 2,0,1,1,12742
2749,ＪＰホールディングス,サービス業,プライム（内国株式）,TOPIX Small 1,0,1,1,12749
2752,フジオフードグループ本社,小売業,プライム（内国株式）,TOPIX Small 1,0,1,1,12752
2753,あみやき亭,小売業,プライム（内国株式）,TOPIX Small 2,0,1,1,12753
2760,東京エレクトロン　デバイス,卸売業,プライム（内国株式）,TOPIX Small 1,0,1,1,12760
2767,円谷フィールズホールディングス,卸売業,プライム（内国株式）,TOPIX Small 1,0,1,1,12767
2768,双日,卸売業,プライム（内国株式）,TOPIX Mid400,0,0,1,12768
2784,アルフレッサ　ホールディングス,卸売業,プライム（内国株式）,TOPIX Mid400,0,0,1,12784
2791,大黒天物産,小売業,プライム（内国株式）,TOPIX Small 1,0,1,1,12791
2792,ハニーズホールディングス,小売業,プライム（内国株式）,TOPIX Small 2,0,1,1,12792
2801,キッコーマン,食料品,プライム（内国株式）,TOPIX Mid400,0,0,1,12801
2802,味の素,食料品,プライム（内国株式）,TOPIX Large70,0,0,1,12802
2804,ブルドックソース,食料品,プライム（内国株式）,TOPIX Small 2,0,1,1,12804
2809,キユーピー,食料品,プライム（内国株式）,TOPIX Mid400,0,0,1,12809
2810,ハウス食品グループ本社,食料品,プライム（内国株式）,TOPIX Mid400,0,0,1,12810
2811,カゴメ,食料品,プライム（内国株式）,TOPIX Mid400,0,0,1,12811
2815,アリアケジャパン,食料品,プライム（内国株式）,TOPIX Small 1,0,1,1,12815
2871,ニチレイ,食料品,プライム（内国株式）,TOPIX Mid400,0,0,1,12871
2874,横浜冷凍,卸売業,プライム（内国株式）,TOPIX Small 1,0,1,1,12874
2875,東洋水産,食料品,プライム（内国株式）,TOPIX Mid400,0,0,1,12875
2882,イートアンドホールディングス,食料品,プライム（内国株式）,TOPIX Small 2,0,1,1,12882
2884,ヨシムラ・フード・ホールディングス,食料品,プライム（内国株式）,TOPIX Small 2,0,1,1,12884
2897,日清食品ホールディングス,食料品,プライム（内国株式）,TOPIX Mid400,0,0,1,12897
2908,フジッコ,食料品,プライム（内国株式）,TOPIX Small 2,0,1,1,12908
2910,ロック・フィールド,食料品,プライム（内国株式）,TOPIX Small 2,0,1,1,12910
2914,日本たばこ産業,食料品,プライム（内国株式）,TOPIX Core30,0,0,1,12914
2915,ケンコーマヨネーズ,食料品,プライム（内国株式）,TOPIX Small 2,0,1,1,12915
2918,わらべや日洋ホールディングス,食料品,プライム（内国株式）,TOPIX Small 1,0,1,1,12918
2922,なとり,食料品,プライム（内国株式）,TOPIX Small 2,0,1,1,12922
2929,ファーマフーズ,食料品,プライム（内国株式）,TOPIX Small 2,0,1,1,12929
2930,北の達人コーポレーション,化学,プライム（内国株式）,TOPIX Small 2,0,1,1,12930
2931,ユーグレナ,食料品,プライム（内国株式）,TOPIX Small 1,0,1,1,12931
2933,紀文食品,食料品,プライム（内国株式）,TOPIX Small 2,0,1,1,12933
2935,ピックルスホールディングス,食料品,プライム（内国株式）,TOPIX Small 2,0,1,1,12935
2975,スター・マイカ・ホールディングス,不動産業,プライム（内国株式）,TOPIX Small 2,0,1,1,12975
2980,ＳＲＥホールディングス,不動産業,プライム（内国株式）,TOPIX Small 2,0,1,1,12980
2982,ＡＤワークスグループ,不動産業,プライム（内国株式）,-,0,0,1,12982
3002,グンゼ,繊維製品,プライム（内国株式）,TOPIX Small 1,0,1,1,13002
3003,ヒューリック,不動産業,プライム（内国株式）,TOPIX Mid400,0,0,1,13003
3028,アルペン,小売業,プライム（内国株式）,TOPIX Small 1,0,1,1,13028
3031,ラクーンホールディングス,情報・通信業,プライム（内国株式）,TOPIX Small 2,0,1,1,13031
3034,クオールホールディングス,小売業,プライム（内国株式）,TOPIX Small 1,0,1,1,13034
3036,アルコニックス,卸売業,プライム（内国株式）,TOPIX Small 1,0,1,1,13036
3038,神戸物産,卸売業,プライム（内国株式）,TOPIX Mid400,0,0,1,13038
3040,ソリトンシステムズ,情報・通信業,プライム（内国株式）,TOPIX Small 2,0,1,1,13040
3046,ジンズホールディングス,小売業,プライム（内国株式）,TOPIX Small 1,0,1,1,13046
3048,ビックカメラ,小売業,プライム（内国株式）,TOPIX Mid400,0,0,1,13048
3050,ＤＣＭホールディングス,小売業,プライム（内国株式）,TOPIX Small 1,0,1,1,13050
3064,ＭｏｎｏｔａＲＯ,小売業,プライム（内国株式）,TOPIX Mid400,0,0,1,13064
3076,あい　ホールディングス,卸売業,プライム（内国株式）,TOPIX Small 1,0,1,1,13076
3086,Ｊ．フロント　リテイリング,小売業,プライム（内国株式）,TOPIX Mid400,0,0,1,13086
3087,ドトール・日レスホールディングス,小売業,プライム（内国株式）,TOPIX Small 1,0,1,1,13087
3088,マツキヨココカラ＆カンパニー,小売業,プライム（内国株式）,TOPIX Mid400,0,0,1,13088
3091,ブロンコビリー,小売業,プライム（内国株式）,TOPIX Small 1,0,1,1,13091
3092,ＺＯＺＯ,小売業,プライム（内国株式）,TOPIX Mid400,0,0,1,13092
3093,トレジャー・ファクトリー,小売業,プライム（内国株式）,TOPIX Small 2,0,1,1,13093
3097,物語コーポレーション,小売業,プライム（内国株式）,TOPIX Small 1,0,1,1,13097
3099,三越伊勢丹ホールディングス,小売業,プライム（内国株式）,TOPIX Mid400,0,0,1,13099
3101,東洋紡,化学,プライム（内国株式）,TOPIX Small 1,0,1,1,13101
3103,ユニチカ,繊維製品,プライム（内国株式）,TOPIX Small 2,0,1,1,13103
3104,富士紡ホールディングス,繊維製品,プライム（内国株式）,TOPIX Small 2,0,1,1,13104
3105,日清紡ホールディングス,電気機器,プライム（内国株式）,TOPIX Mid400,0,0,1,13105
3106,倉敷紡績,繊維製品,プライム（内国株式）,TOPIX Small 1,0,1,1,13106
3107,ダイワボウホールディングス,卸売業,プライム（内国株式）,TOPIX Mid400,0,0,1,13107
3109,シキボウ,繊維製品,プライム（内国株式）,TOPIX Small 2,0,1,1,13109
3110,日東紡績,ガラス・土石製品,プライム（内国株式）,TOPIX Small 1,0,1,1,13110
3116,トヨタ紡織,輸送用機器,プライム（内国株式）,TOPIX Mid400,0,0,1,13116
3132,マクニカホールディングス,卸売業,プライム（内国株式）,TOPIX Mid400,0,0,1,13132
3139,ラクト・ジャパン,卸売業,プライム（内国株式）,TOPIX Small 2,0,1,1,13139
3148,クリエイトＳＤホールディングス,小売業,プライム（内国株式）,TOPIX Small 1,0,1,1,13148
3150,グリムス,電気・ガス業,プライム（内国株式）,TOPIX Small 2,0,1,1,13150
3151,バイタルケーエスケー・ホールディングス,卸売業,プライム（内国株式）,TOPIX Small 2,0,1,1,13151
3153,八洲電機,卸売業,プライム（内国株式）,TOPIX Small 2,0,1,1,13153
3154,メディアスホールディングス,卸売業,プライム（内国株式）,TOPIX Small 2,0,1,1,13154
3156,レスター,卸売業,プライム（内国株式）,TOPIX Small 2,0,1,1,13156
3167,ＴＯＫＡＩホールディングス,卸売業,プライム（内国株式）,TOPIX Small 1,0,1,1,13167
3176,三洋貿易,卸売業,プライム（内国株式）,TOPIX Small 2,0,1,1,13176
3179,シュッピン,小売業,プライム（内国株式）,TOPIX Small 2,0,1,1,13179
3180,ビューティガレージ,卸売業,プライム（内国株式）,TOPIX Small 2,0,1,1,13180
3182,オイシックス・ラ・大地,小売業,プライム（内国株式）,TOPIX Small 1,0,1,1,13182
3183,ウイン・パートナーズ,卸売業,プライム（内国株式）,TOPIX Small 2,0,1,1,13183
3186,ネクステージ,小売業,プライム（内国株式）,TOPIX Small 1,0,1,1,13186
3191,ジョイフル本田,小売業,プライム（内国株式）,TOPIX Small 1,0,1,1,13191
3193,エターナルホスピタリティグループ,小売業,プライム（内国株式）,TOPIX Small 2,0,1,1,13193
3196,ホットランドホールディングス,小売業,プライム（内国株式）,TOPIX Small 2,0,1,1,13196
3197,すかいらーくホールディングス,小売業,プライム（内国株式）,TOPIX Mid400,0,0,1,13197
3198,ＳＦＰホールディングス,小売業,プライム（内国株式）,TOPIX Small 2,0,1,1,13198
3199,綿半ホールディングス,小売業,プライム（内国株式）,TOPIX Small 2,0,1,1,13199
3201,日本毛織,繊維製品,プライム（内国株式）,TOPIX Small 1,0,1,1,13201
3221,ヨシックスホールディングス,小売業,プライム（内国株式）,TOPIX Small 2,0,1,1,13221
3231,野村不動産ホールディングス,不動産業,プライム（内国株式）,TOPIX Mid400,0,0,1,13231
3232,三重交通グループホールディングス,不動産業,プライム（内国株式）,TOPIX Small 2,0,1,1,13232
3245,ディア・ライフ,不動産業,プライム（内国株式）,TOPIX Small 2,0,1,1,13245
3252,地主,不動産業,プライム（内国株式）,TOPIX Small 2,0,1,1,13252
3276,ＪＰＭＣ,不動産業,プライム（内国株式）,TOPIX Small 2,0,1,1,13276
3284,フージャースホールディングス,不動産業,プライム（内国株式）,TOPIX Small 2,0,1,1,13284
3288,オープンハウスグループ,不動産業,プライム（内国株式）,TOPIX Mid400,0,0,1,13288
3289,東急不動産ホールディングス,不動産業,プライム（内国株式）,TOPIX Mid400,0,0,1,13289
3291,飯田グループホールディングス,不動産業,プライム（内国株式）,TOPIX Mid400,0,0,1,13291
3302,帝国繊維,繊維製品,プライム（内国株式）,TOPIX Small 2,0,1,1,13302
3315,日本コークス工業,石油・石炭製品,プライム（内国株式）,TOPIX Small 2,0,1,1,13315
3333,あさひ,小売業,プライム（内国株式）,TOPIX Small 2,0,1,1,13333
3349,コスモス薬品,小売業,プライム（内国株式）,TOPIX Mid400,0,0,1,13349
3360,シップヘルスケアホールディングス,卸売業,プライム（内国株式）,TOPIX Mid400,0,0,1,13360
3371,ソフトクリエイトホールディングス,情報・通信業,プライム（内国株式）,TOPIX Small 2,0,1,1,13371
3382,セブン＆アイ・ホールディングス,小売業,プライム（内国株式）,TOPIX Core30,0,0,1,13382
3387,クリエイト・レストランツ・ホールディングス,小売業,プライム（内国株式）,TOPIX Small 1,0,1,1,13387
3388,明治電機工業,卸売業,プライム（内国株式）,TOPIX Small 2,0,1,1,13388
3391,ツルハホールディングス,小売業,プライム（内国株式）,TOPIX Mid400,0,0,1,13391
3393,スターティアホールディングス,卸売業,プライム（内国株式）,-,0,0,1,13393
3395,サンマルクホールディングス,小売業,プライム（内国株式）,TOPIX Small 1,0,1,1,13395
3397,トリドールホールディングス,小売業,プライム（内国株式）,TOPIX Mid400,0,0,1,13397
3401,帝人,繊維製品,プライム（内国株式）,TOPIX Mid400,0,0,1,13401
3402,東レ,繊維製品,プライム（内国株式）,TOPIX Mid400,0,0,1,13402
3405,クラレ,化学,プライム（内国株式）,TOPIX Mid400,0,0,1,13405
3407,旭化成,化学,プライム（内国株式）,TOPIX Large70,0,0,1,13407
3415,ＴＯＫＹＯ　ＢＡＳＥ,小売業,プライム（内国株式）,TOPIX Small 2,0,1,1,13415
3431,宮地エンジニアリンググループ,金属製品,プライム（内国株式）,TOPIX Small 1,0,1,1,13431
3433,トーカロ,金属製品,プライム（内国株式）,TOPIX Small 1,0,1,1,13433
3436,ＳＵＭＣＯ,金属製品,プライム（内国株式）,TOPIX Mid400,0,0,1,13436
3443,川田テクノロジーズ,金属製品,プライム（内国株式）,TOPIX Small 2,0,1,1,13443
3445,ＲＳ　Ｔｅｃｈｎｏｌｏｇｉｅｓ,金属製品,プライム（内国株式）,TOPIX Small 1,0,1,1,13445
3457,Ａｎｄ　Ｄｏホールディングス,不動産業,プライム（内国株式）,TOPIX Small 2,0,1,1,13457
3465,ケイアイスター不動産,不動産業,プライム（内国株式）,TOPIX Small 1,0,1,1,13465
3475,グッドコムアセット,不動産業,プライム（内国株式）,TOPIX Small 2,0,1,1,13475
3480,ジェイ・エス・ビー,不動産業,プライム（内国株式）,TOPIX Small 2,0,1,1,13480
3482,ロードスターキャピタル,不動産業,プライム（内国株式）,TOPIX Small 2,0,1,1,13482
3486,グローバル・リンク・マネジメント,不動産業,プライム（内国株式）,-,0,0,1,13486
3496,アズーム,不動産業,プライム（内国株式）,TOPIX Small 2,0,1,1,13496
3498,霞ヶ関キャピタル,不動産業,プライム（内国株式）,TOPIX Small 1,0,1,1,13498
3501,ＳＵＭＩＮＯＥ,繊維製品,プライム（内国株式）,-,0,0,1,13501
3539,ＪＭホールディングス,小売業,プライム（内国株式）,TOPIX Small 2,0,1,1,13539
3543,コメダホールディングス,卸売業,プライム（内国株式）,TOPIX Small 1,0,1,1,13543
3546,アレンザホールディングス,小売業,プライム（内国株式）,TOPIX Small 2,0,1,1,13546
3548,バロックジャパンリミテッド,小売業,プライム（内国株式）,TOPIX Small 2,0,1,1,13548
3549,クスリのアオキホールディングス,小売業,プライム（内国株式）,TOPIX Mid400,0,0,1,13549
3561,力の源ホールディングス,小売業,プライム（内国株式）,TOPIX Small 2,0,1,1,13561
3563,ＦＯＯＤ　＆　ＬＩＦＥ　ＣＯＭＰＡＮＩＥＳ,小売業,プライム（内国株式）,TOPIX Mid400,0,0,1,13563
3569,セーレン,繊維製品,プライム（内国株式）,TOPIX Small 1,0,1,1,13569
3580,小松マテーレ,繊維製品,プライム（内国株式）,TOPIX Small 2,0,1,1,13580
3591,ワコールホールディングス,繊維製品,プライム（内国株式）,TOPIX Mid400,0,0,1,13591
3593,ホギメディカル,繊維製品,プライム（内国株式）,TOPIX Small 1,0,1,1,13593
3608,ＴＳＩホールディングス,繊維製品,プライム（内国株式）,TOPIX Small 1,0,1,1,13608
3612,ワールド,繊維製品,プライム（内国株式）,TOPIX Small 1,0,1,1,13612
3626,ＴＩＳ,情報・通信業,プライム（内国株式）,TOPIX Mid400,0,0,1,13626
3632,グリーホールディングス,情報・通信業,プライム（内国株式）,TOPIX Small 2,0,1,1,13632
3635,コーエーテクモホールディングス,情報・通信業,プライム（内国株式）,TOPIX Mid400,0,0,1,13635
3636,三菱総合研究所,情報・通信業,プライム（内国株式）,TOPIX Small 1,0,1,1,13636
3649,ファインデックス,情報・通信業,プライム（内国株式）,TOPIX Small 2,0,1,1,13649
3656,ＫＬａｂ,情報・通信業,プライム（内国株式）,TOPIX Small 2,0,1,1,13656
3657,ポールトゥウィンホールディングス,情報・通信業,プライム（内国株式）,TOPIX Small 2,0,1,1,13657
3659,ネクソン,情報・通信業,プライム（内国株式）,TOPIX Mid400,0,0,1,13659
3660,アイスタイル,情報・通信業,プライム（内国株式）,TOPIX Small 1,0,1,1,13660
3661,エムアップホールディングス,情報・通信業,プライム（内国株式）,TOPIX Small 1,0,1,1,13661
3662,エイチームホールディングス,情報・通信業,プライム（内国株式）,TOPIX Small 2,0,1,1,13662
3663,セルシス,情報・通信業,プライム（内国株式）,TOPIX Small 2,0,1,1,13663
3665,エニグモ,情報・通信業,プライム（内国株式）,TOPIX Small 2,0,1,1,13665
3668,コロプラ,情報・通信業,プライム（内国株式）,TOPIX Small 1,0,1,1,13668
3673,ブロードリーフ,情報・通信業,プライム（内国株式）,TOPIX Small 1,0,1,1,13673
3676,デジタルハーツホールディングス,情報・通信業,プライム（内国株式）,TOPIX Small 2,0,1,1,13676
3678,メディアドゥ,情報・通信業,プライム（内国株式）,TOPIX Small 2,0,1,1,13678
3679,じげん,情報・通信業,プライム（内国株式）,TOPIX Small 2,0,1,1,13679
3681,ブイキューブ,情報・通信業,プライム（内国株式）,TOPIX Small 2,0,1,1,13681
3687,フィックスターズ,情報・通信業,プライム（内国株式）,TOPIX Small 2,0,1,1,13687
3694,オプティム,情報・通信業,プライム（内国株式）,TOPIX Small 2,0,1,1,13694
3696,セレス,情報・通信業,プライム（内国株式）,TOPIX Small 2,0,1,1,13696
3697,ＳＨＩＦＴ,情報・通信業,プライム（内国株式）,TOPIX Mid400,0,0,1,13697
3708,特種東海製紙,パルプ・紙,プライム（内国株式）,TOPIX Small 2,0,1,1,13708
3741,セック,情報・通信業,プライム（内国株式）,TOPIX Small 2,0,1,1,13741
3762,テクマトリックス,情報・通信業,プライム（内国株式）,TOPIX Small 1,0,1,1,13762
3763,プロシップ,情報・通信業,プライム（内国株式）,TOPIX Small 2,0,1,1,13763
3765,ガンホー・オンライン・エンターテイメント,情報・通信業,プライム（内国株式）,TOPIX Small 1,0,1,1,13765
3769,ＧＭＯペイメントゲートウェイ,情報・通信業,プライム（内国株式）,TOPIX Mid400,0,0,1,13769
3771,システムリサーチ,情報・通信業,プライム（内国株式）,TOPIX Small 2,0,1,1,13771
3774,インターネットイニシアティブ,情報・通信業,プライム（内国株式）,TOPIX Mid400,0,0,1,13774
3778,さくらインターネット,情報・通信業,プライム（内国株式）,TOPIX Small 1,0,1,1,13778
3788,ＧＭＯグローバルサイン・ホールディングス,情報・通信業,プライム（内国株式）,TOPIX Small 2,0,1,1,13788
3817,ＳＲＡホールディングス,情報・通信業,プライム（内国株式）,TOPIX Small 2,0,1,1,13817
3834,朝日ネット,情報・通信業,プライム（内国株式）,TOPIX Small 2,0,1,1,13834
3835,ｅＢＡＳＥ,情報・通信業,プライム（内国株式）,TOPIX Small 2,0,1,1,13835
3836,アバントグループ,情報・通信業,プライム（内国株式）,TOPIX Small 2,0,1,1,13836
3837,アドソル日進,情報・通信業,プライム（内国株式）,TOPIX Small 2,0,1,1,13837
3843,フリービット,情報・通信業,プライム（内国株式）,TOPIX Small 2,0,1,1,13843
3844,コムチュア,情報・通信業,プライム（内国株式）,TOPIX Small 1,0,1,1,13844
3853,アステリア,情報・通信業,プライム（内国株式）,TOPIX Small 2,0,1,1,13853
3854,アイル,情報・通信業,プライム（内国株式）,TOPIX Small 2,0,1,1,13854
3861,王子ホールディングス,パルプ・紙,プライム（内国株式）,TOPIX Mid400,0,0,1,13861
3863,日本製紙,パルプ・紙,プライム（内国株式）,TOPIX Small 1,0,1,1,13863
3864,三菱製紙,パルプ・紙,プライム（内国株式）,-,0,0,1,13864
3865,北越コーポレーション,パルプ・紙,プライム（内国株式）,TOPIX Small 1,0,1,1,13865
3877,中越パルプ工業,パルプ・紙,プライム（内国株式）,-,0,0,1,13877
3880,大王製紙,パルプ・紙,プライム（内国株式）,TOPIX Small 1,0,1,1,13880
3901,マークラインズ,情報・通信業,プライム（内国株式）,TOPIX Small 2,0,1,1,13901
3902,メディカル・データ・ビジョン,情報・通信業,プライム（内国株式）,-,0,0,1,13902
3903,ｇｕｍｉ,情報・通信業,プライム（内国株式）,TOPIX Small 2,0,1,1,13903
3915,テラスカイ,情報・通信業,プライム（内国株式）,TOPIX Small 2,0,1,1,13915
3916,デジタル・インフォメーション・テクノロジー,情報・通信業,プライム（内国株式）,TOPIX Small 2,0,1,1,13916
3921,ネオジャパン,情報・通信業,プライム（内国株式）,TOPIX Small 2,0,1,1,13921
3922,ＰＲ　ＴＩＭＥＳ,情報・通信業,プライム（内国株式）,TOPIX Small 2,0,1,1,13922
3923,ラクス,情報・通信業,プライム（内国株式）,TOPIX Mid400,0,0,1,13923
3925,ダブルスタンダード,情報・通信業,プライム（内国株式）,TOPIX Small 2,0,1,1,13925
3932,アカツキ,情報・通信業,プライム（内国株式）,TOPIX Small 2,0,1,1,13932
3939,カナミックネットワーク,情報・通信業,プライム（内国株式）,TOPIX Small 2,0,1,1,13939
3941,レンゴー,パルプ・紙,プライム（内国株式）,TOPIX Mid400,0,0,1,13941
3946,トーモク,パルプ・紙,プライム（内国株式）,TOPIX Small 2,0,1,1,13946
3950,ザ・パック,パルプ・紙,プライム（内国株式）,TOPIX Small 2,0,1,1,13950
3962,チェンジホールディングス,情報・通信業,プライム（内国株式）,TOPIX Small 1,0,1,1,13962
3963,シンクロ・フード,情報・通信業,プライム（内国株式）,-,0,0,1,13963
3964,オークネット,情報・通信業,プライム（内国株式）,TOPIX Small 2,0,1,1,13964
3968,セグエグループ,情報・通信業,プライム（内国株式）,-,0,0,1,13968
3983,オロ,情報・通信業,プライム（内国株式）,TOPIX Small 2,0,1,1,13983
3984,ユーザーローカル,情報・通信業,プライム（内国株式）,TOPIX Small 2,0,1,1,13984
3992,ニーズウェル,情報・通信業,プライム（内国株式）,-,0,0,1,13992
3993,ＰＫＳＨＡ　Ｔｅｃｈｎｏｌｏｇｙ,情報・通信業,プライム（内国株式）,TOPIX Small 1,0,1,1,13993
3994,マネーフォワード,情報・通信業,プライム（内国株式）,TOPIX Mid400,0,0,1,13994
4004,レゾナック・ホールディングス,化学,プライム（内国株式）,TOPIX Mid400,0,0,1,14004
4005,住友化学,化学,プライム（内国株式）,TOPIX Mid400,0,0,1,14005
4008,住友精化,化学,プライム（内国株式）,TOPIX Small 1,0,1,1,14008
4021,日産化学,化学,プライム（内国株式）,TOPIX Mid400,0,0,1,14021
4022,ラサ工業,化学,プライム（内国株式）,TOPIX Small 2,0,1,1,14022
4023,クレハ,化学,プライム（内国株式）,TOPIX Small 1,0,1,1,14023
4025,多木化学,化学,プライム（内国株式）,TOPIX Small 2,0,1,1,14025
4027,テイカ,化学,プライム（内国株式）,TOPIX Small 2,0,1,1,14027
4028,石原産業,化学,プライム（内国株式）,TOPIX Small 1,0,1,1,14028
4041,日本曹達,化学,プライム（内国株式）,TOPIX Small 1,0,1,1,14041
4042,東ソー,化学,プライム（内国株式）,TOPIX Mid400,0,0,1,14042
4043,トクヤマ,化学,プライム（内国株式）,TOPIX Mid400,0,0,1,14043
4044,セントラル硝子,化学,プライム（内国株式）,TOPIX Small 1,0,1,1,14044
4045,東亞合成,化学,プライム（内国株式）,TOPIX Mid400,0,0,1,14045
4046,大阪ソーダ,化学,プライム（内国株式）,TOPIX Small 1,0,1,1,14046
4047,関東電化工業,化学,プライム（内国株式）,TOPIX Small 1,0,1,1,14047
4051,ＧＭＯフィナンシャルゲート,情報・通信業,プライム（内国株式）,TOPIX Small 2,0,1,1,14051
4053,Ｓｕｎ　Ａｓｔｅｒｉｓｋ,情報・通信業,プライム（内国株式）,TOPIX Small 2,0,1,1,14053
4061,デンカ,化学,プライム（内国株式）,TOPIX Mid400,0,0,1,14061
4062,イビデン,電気機器,プライム（内国株式）,TOPIX Mid400,0,0,1,14062
4063,信越化学工業,化学,プライム（内国株式）,TOPIX Core30,0,0,1,14063
4064,日本カーバイド工業,化学,プライム（内国株式）,TOPIX Small 2,0,1,1,14064
4071,プラスアルファ・コンサルティング,情報・通信業,プライム（内国株式）,TOPIX Small 1,0,1,1,14071
4072,電算システムホールディングス,情報・通信業,プライム（内国株式）,TOPIX Small 2,0,1,1,14072
4078,堺化学工業,化学,プライム（内国株式）,TOPIX Small 1,0,1,1,14078
4082,第一稀元素化学工業,化学,プライム（内国株式）,TOPIX Small 2,0,1,1,14082
4088,エア・ウォーター,化学,プライム（内国株式）,TOPIX Mid400,0,0,1,14088
4091,日本酸素ホールディングス,化学,プライム（内国株式）,TOPIX Mid400,0,0,1,14091
4092,日本化学工業,化学,プライム（内国株式）,TOPIX Small 2,0,1,1,14092
4095,日本パーカライジング,化学,プライム（内国株式）,TOPIX Small 1,0,1,1,14095
4097,高圧ガス工業,化学,プライム（内国株式）,TOPIX Small 2,0,1,1,14097
4099,四国化成ホールディングス,化学,プライム（内国株式）,TOPIX Small 2,0,1,1,14099
4109,ステラ　ケミファ,化学,プライム（内国株式）,TOPIX Small 1,0,1,1,14109
4112,保土谷化学工業,化学,プライム（内国株式）,TOPIX Small 2,0,1,1,14112
4114,日本触媒,化学,プライム（内国株式）,TOPIX Mid400,0,0,1,14114
4116,大日精化工業,化学,プライム（内国株式）,TOPIX Small 2,0,1,1,14116
4118,カネカ,化学,プライム（内国株式）,TOPIX Mid400,0,0,1,14118
4151,協和キリン,医薬品,プライム（内国株式）,TOPIX Mid400,0,0,1,14151
4180,Ａｐｐｉｅｒ　Ｇｒｏｕｐ,情報・通信業,プライム（内国株式）,TOPIX Small 1,0,1,1,14180
4182,三菱瓦斯化学,化学,プライム（内国株式）,TOPIX Mid400,0,0,1,14182
4183,三井化学,化学,プライム（内国株式）,TOPIX Mid400,0,0,1,14183
4186,東京応化工業,化学,プライム（内国株式）,TOPIX Mid400,0,0,1,14186
4187,大阪有機化学工業,化学,プライム（内国株式）,TOPIX Small 1,0,1,1,14187
4188,三菱ケミカルグループ,化学,プライム（内国株式）,TOPIX Large70,0,0,1,14188
4189,ＫＨネオケム,化学,プライム（内国株式）,TOPIX Small 1,0,1,1,14189
4194,ビジョナル,情報・通信業,プライム（内国株式）,TOPIX Mid400,0,0,1,14194
4202,ダイセル,化学,プライム（内国株式）,TOPIX Mid400,0,0,1,14202
4203,住友ベークライト,化学,プライム（内国株式）,TOPIX Mid400,0,0,1,14203
4204,積水化学工業,化学,プライム（内国株式）,TOPIX Mid400,0,0,1,14204
4205,日本ゼオン,化学,プライム（内国株式）,TOPIX Mid400,0,0,1,14205
4206,アイカ工業,化学,プライム（内国株式）,TOPIX Mid400,0,0,1,14206
4208,ＵＢＥ,化学,プライム（内国株式）,TOPIX Mid400,0,0,1,14208
4212,積水樹脂,化学,プライム（内国株式）,TOPIX Small 1,0,1,1,14212
4216,旭有機材,化学,プライム（内国株式）,TOPIX Small 1,0,1,1,14216
4218,ニチバン,化学,プライム（内国株式）,TOPIX Small 2,0,1,1,14218
4220,リケンテクノス,化学,プライム（内国株式）,TOPIX Small 2,0,1,1,14220
4221,大倉工業,化学,プライム（内国株式）,TOPIX Small 2,0,1,1,14221
4228,積水化成品工業,化学,プライム（内国株式）,TOPIX Small 2,0,1,1,14228
4229,群栄化学工業,化学,プライム（内国株式）,TOPIX Small 2,0,1,1,14229
4246,ダイキョーニシカワ,化学,プライム（内国株式）,TOPIX Small 2,0,1,1,14246
4249,森六,化学,プライム（内国株式）,TOPIX Small 2,0,1,1,14249
4251,恵和,化学,プライム（内国株式）,TOPIX Small 2,0,1,1,14251
4272,日本化薬,化学,プライム（内国株式）,TOPIX Mid400,0,0,1,14272
4275,カーリット,化学,プライム（内国株式）,TOPIX Small 2,0,1,1,14275
4290,プレステージ・インターナショナル,サービス業,プライム（内国株式）,TOPIX Small 1,0,1,1,14290
4301,アミューズ,サービス業,プライム（内国株式）,TOPIX Small 2,0,1,1,14301
4307,野村総合研究所,情報・通信業,プライム（内国株式）,TOPIX Large70,0,0,1,14307
4310,ドリームインキュベータ,サービス業,プライム（内国株式）,TOPIX Small 2,0,1,1,14310
4318,クイック,サービス業,プライム（内国株式）,TOPIX Small 2,0,1,1,14318
4323,日本システム技術,情報・通信業,プライム（内国株式）,TOPIX Small 2,0,1,1,14323
4324,電通グループ,サービス業,プライム（内国株式）,TOPIX Mid400,0,0,1,14324
4326,インテージホールディングス,情報・通信業,プライム（内国株式）,TOPIX Small 2,0,1,1,14326
4331,テイクアンドギヴ・ニーズ,サービス業,プライム（内国株式）,TOPIX Small 2,0,1,1,14331
4337,ぴあ,サービス業,プライム（内国株式）,TOPIX Small 2,0,1,1,14337
4343,イオンファンタジー,サービス業,プライム（内国株式）,TOPIX Small 2,0,1,1,14343
4344,ソースネクスト,情報・通信業,プライム（内国株式）,TOPIX Small 2,0,1,1,14344
4345,シーティーエス,サービス業,プライム（内国株式）,TOPIX Small 2,0,1,1,14345
4362,日本精化,化学,プライム（内国株式）,TOPIX Small 2,0,1,1,14362
4368,扶桑化学工業,化学,プライム（内国株式）,TOPIX Small 1,0,1,1,14368
4369,トリケミカル研究所,化学,プライム（内国株式）,TOPIX Small 1,0,1,1,14369
4373,シンプレクス・ホールディングス,情報・通信業,プライム（内国株式）,TOPIX Small 1,0,1,1,14373
4384,ラクスル,情報・通信業,プライム（内国株式）,TOPIX Small 1,0,1,1,14384
4385,メルカリ,情報・通信業,プライム（内国株式）,TOPIX Mid400,0,0,1,14385
4390,ＩＰＳ,情報・通信業,プライム（内国株式）,TOPIX Small 2,0,1,1,14390
4392,ＦＩＧ,情報・通信業,プライム（内国株式）,-,0,0,1,14392
4396,システムサポートホールディングス,情報・通信業,プライム（内国株式）,TOPIX Small 2,0,1,1,14396
4401,ＡＤＥＫＡ,化学,プライム（内国株式）,TOPIX Mid400,0,0,1,14401
4403,日油,化学,プライム（内国株式）,TOPIX Mid400,0,0,1,14403
4410,ハリマ化成グループ,化学,プライム（内国株式）,TOPIX Small 2,0,1,1,14410
4413,ボードルア,情報・通信業,プライム（内国株式）,TOPIX Small 2,0,1,1,14413
4432,ウイングアーク１ｓｔ,情報・通信業,プライム（内国株式）,TOPIX Small 1,0,1,1,14432
4433,ヒト・コミュニケーションズ・ホールディングス,情報・通信業,プライム（内国株式）,TOPIX Small 2,0,1,1,14433
4443,Ｓａｎｓａｎ,情報・通信業,プライム（内国株式）,TOPIX Small 1,0,1,1,14443
4446,Ｌｉｎｋ－Ｕグループ,情報・通信業,プライム（内国株式）,-,0,0,1,14446
4449,ギフティ,情報・通信業,プライム（内国株式）,TOPIX Small 2,0,1,1,14449
4452,花王,化学,プライム（内国株式）,TOPIX Large70,0,0,1,14452
4461,第一工業製薬,化学,プライム（内国株式）,TOPIX Small 2,0,1,1,14461
4462,石原ケミカル,化学,プライム（内国株式）,TOPIX Small 2,0,1,1,14462
4471,三洋化成工業,化学,プライム（内国株式）,TOPIX Small 1,0,1,1,14471
4480,メドレー,情報・通信業,プライム（内国株式）,TOPIX Small 1,0,1,1,14480
4481,ベース,情報・通信業,プライム（内国株式）,TOPIX Small 2,0,1,1,14481
4483,ＪＭＤＣ,情報・通信業,プライム（内国株式）,TOPIX Small 1,0,1,1,14483
4502,武田薬品工業,医薬品,プライム（内国株式）,TOPIX Core30,0,0,1,14502
4503,アステラス製薬,医薬品,プライム（内国株式）,TOPIX Large70,0,0,1,14503
4506,住友ファーマ,医薬品,プライム（内国株式）,TOPIX Mid400,0,0,1,14506
4507,塩野義製薬,医薬品,プライム（内国株式）,TOPIX Large70,0,0,1,14507
4516,日本新薬,医薬品,プライム（内国株式）,TOPIX Mid400,0,0,1,14516
4519,中外製薬,医薬品,プライム（内国株式）,TOPIX Large70,0,0,1,14519
4521,科研製薬,医薬品,プライム（内国株式）,TOPIX Small 1,0,1,1,14521
4523,エーザイ,医薬品,プライム（内国株式）,TOPIX Mid400,0,0,1,14523
4526,理研ビタミン,食料品,プライム（内国株式）,TOPIX Small 2,0,1,1,14526
4527,ロート製薬,医薬品,プライム（内国株式）,TOPIX Mid400,0,0,1,14527
4528,小野薬品工業,医薬品,プライム（内国株式）,TOPIX Mid400,0,0,1,14528
4530,久光製薬,医薬品,プライム（内国株式）,TOPIX Mid400,0,0,1,14530
4534,持田製薬,医薬品,プライム（内国株式）,TOPIX Small 2,0,1,1,14534
4536,参天製薬,医薬品,プライム（内国株式）,TOPIX Mid400,0,0,1,14536
4538,扶桑薬品工業,医薬品,プライム（内国株式）,TOPIX Small 2,0,1,1,14538
4540,ツムラ,医薬品,プライム（内国株式）,TOPIX Mid400,0,0,1,14540
4543,テルモ,精密機器,プライム（内国株式）,TOPIX Large70,0,0,1,14543
4544,Ｈ．Ｕ．グループホールディングス,サービス業,プライム（内国株式）,TOPIX Mid400,0,0,1,14544
4547,キッセイ薬品工業,医薬品,プライム（内国株式）,TOPIX Small 1,0,1,1,14547
4548,生化学工業,医薬品,プライム（内国株式）,TOPIX Small 2,0,1,1,14548
4549,栄研化学,医薬品,プライム（内国株式）,TOPIX Small 1,0,1,1,14549
4552,ＪＣＲファーマ,医薬品,プライム（内国株式）,TOPIX Small 1,0,1,1,14552
4553,東和薬品,医薬品,プライム（内国株式）,TOPIX Small 1,0,1,1,14553
4554,富士製薬工業,医薬品,プライム（内国株式）,TOPIX Small 2,0,1,1,14554
4559,ゼリア新薬工業,医薬品,プライム（内国株式）,TOPIX Small 1,0,1,1,14559
4565,ネクセラファーマ,医薬品,プライム（内国株式）,TOPIX Small 1,0,1,1,14565
4568,第一三共,医薬品,プライム（内国株式）,TOPIX Core30,0,0,1,14568
4569,杏林製薬,医薬品,プライム（内国株式）,TOPIX Small 1,0,1,1,14569
4574,大幸薬品,医薬品,プライム（内国株式）,TOPIX Small 2,0,1,1,14574
4577,ダイト,医薬品,プライム（内国株式）,TOPIX Small 2,0,1,1,14577
4578,大塚ホールディングス,医薬品,プライム（内国株式）,TOPIX Large70,0,0,1,14578
4587,ペプチドリーム,医薬品,プライム（内国株式）,TOPIX Mid400,0,0,1,14587
4611,大日本塗料,化学,プライム（内国株式）,TOPIX Small 2,0,1,1,14611
4612,日本ペイントホールディングス,化学,プライム（内国株式）,TOPIX Mid400,0,0,1,14612
4613,関西ペイント,化学,プライム（内国株式）,TOPIX Mid400,0,0,1,14613
4617,中国塗料,化学,プライム（内国株式）,TOPIX Small 1,0,1,1,14617
4626,太陽ホールディングス,化学,プライム（内国株式）,TOPIX Mid400,0,0,1,14626
4631,ＤＩＣ,化学,プライム（内国株式）,TOPIX Mid400,0,0,1,14631
4633,サカタインクス,化学,プライム（内国株式）,TOPIX Small 1,0,1,1,14633
4634,ａｒｔｉｅｎｃｅ,化学,プライム（内国株式）,TOPIX Small 1,0,1,1,14634
4641,アルプス技研,サービス業,プライム（内国株式）,TOPIX Small 2,0,1,1,14641
4658,日本空調サービス,サービス業,プライム（内国株式）,TOPIX Small 2,0,1,1,14658
4661,オリエンタルランド,サービス業,プライム（内国株式）,TOPIX Large70,0,0,1,14661
4662,フォーカスシステムズ,情報・通信業,プライム（内国株式）,TOPIX Small 2,0,1,1,14662
4665,ダスキン,サービス業,プライム（内国株式）,TOPIX Mid400,0,0,1,14665
4666,パーク２４,不動産業,プライム（内国株式）,TOPIX Mid400,0,0,1,14666
4668,明光ネットワークジャパン,サービス業,プライム（内国株式）,TOPIX Small 2,0,1,1,14668
4674,クレスコ,情報・通信業,プライム（内国株式）,TOPIX Small 2,0,1,1,14674
4676,フジ・メディア・ホールディングス,情報・通信業,プライム（内国株式）,TOPIX Mid400,0,0,1,14676
4680,ラウンドワン,サービス業,プライム（内国株式）,TOPIX Mid400,0,0,1,14680
4681,リゾートトラスト,サービス業,プライム（内国株式）,TOPIX Mid400,0,0,1,14681
4684,オービック,情報・通信業,プライム（内国株式）,TOPIX Mid400,0,0,1,14684
4686,ジャストシステム,情報・通信業,プライム（内国株式）,TOPIX Small 1,0,1,1,14686
4687,ＴＤＣソフト,情報・通信業,プライム（内国株式）,TOPIX Small 2,0,1,1,14687
4689,ＬＩＮＥヤフー,情報・通信業,プライム（内国株式）,TOPIX Large70,0,0,1,14689
4694,ビー・エム・エル,サービス業,プライム（内国株式）,TOPIX Small 1,0,1,1,14694
4704,トレンドマイクロ,情報・通信業,プライム（内国株式）,TOPIX Mid400,0,0,1,14704
4709,ＩＤホールディングス,情報・通信業,プライム（内国株式）,TOPIX Small 2,0,1,1,14709
4714,リソー教育グループ,サービス業,プライム（内国株式）,TOPIX Small 2,0,1,1,14714
4718,早稲田アカデミー,サービス業,プライム（内国株式）,TOPIX Small 2,0,1,1,14718
4719,アルファシステムズ,情報・通信業,プライム（内国株式）,TOPIX Small 2,0,1,1,14719
4722,フューチャー,情報・通信業,プライム（内国株式）,TOPIX Small 1,0,1,1,14722
4725,ＣＡＣ　Ｈｏｌｄｉｎｇｓ,情報・通信業,プライム（内国株式）,TOPIX Small 2,0,1,1,14725
4732,ユー・エス・エス,サービス業,プライム（内国株式）,TOPIX Mid400,0,0,1,14732
4733,オービックビジネスコンサルタント,情報・通信業,プライム（内国株式）,TOPIX Mid400,0,0,1,14733
4743,アイティフォー,情報・通信業,プライム（内国株式）,TOPIX Small 2,0,1,1,14743
4751,サイバーエージェント,サービス業,プライム（内国株式）,TOPIX Mid400,0,0,1,14751
4755,楽天グループ,サービス業,プライム（内国株式）,TOPIX Mid400,0,0,1,14755
4763,クリーク・アンド・リバー社,サービス業,プライム（内国株式）,TOPIX Small 2,0,1,1,14763
4765,ＳＢＩグローバルアセットマネジメント,サービス業,プライム（内国株式）,TOPIX Small 2,0,1,1,14765
4768,大塚商会,情報・通信業,プライム（内国株式）,TOPIX Mid400,0,0,1,14768
4776,サイボウズ,情報・通信業,プライム（内国株式）,TOPIX Small 1,0,1,1,14776
4784,ＧＭＯインターネット,サービス業,プライム（内国株式）,TOPIX Small 2,0,1,1,14784
4792,山田コンサルティンググループ,サービス業,プライム（内国株式）,TOPIX Small 2,0,1,1,14792
4801,セントラルスポーツ,サービス業,プライム（内国株式）,TOPIX Small 2,0,1,1,14801
4809,パラカ,不動産業,プライム（内国株式）,TOPIX Small 2,0,1,1,14809
4812,電通総研,情報・通信業,プライム（内国株式）,TOPIX Small 1,0,1,1,14812
4813,ＡＣＣＥＳＳ,情報・通信業,プライム（内国株式）,-,0,0,1,14813
4819,デジタルガレージ,情報・通信業,プライム（内国株式）,TOPIX Small 1,0,1,1,14819
4820,イーエムシステムズ,情報・通信業,プライム（内国株式）,TOPIX Small 2,0,1,1,14820
4825,ウェザーニューズ,情報・通信業,プライム（内国株式）,TOPIX Small 1,0,1,1,14825
4826,ＣＩＪ,情報・通信業,プライム（内国株式）,TOPIX Small 2,0,1,1,14826
4828,ビジネスエンジニアリング,情報・通信業,プライム（内国株式）,TOPIX Small 2,0,1,1,14828
4839,ＷＯＷＯＷ,情報・通信業,プライム（内国株式）,TOPIX Small 2,0,1,1,14839
4845,スカラ,情報・通信業,プライム（内国株式）,TOPIX Small 2,0,1,1,14845
4847,インテリジェント　ウェイブ,情報・通信業,プライム（内国株式）,-,0,0,1,14847
4848,フルキャストホールディングス,サービス業,プライム（内国株式）,TOPIX Small 2,0,1,1,14848
4849,エン,サービス業,プライム（内国株式）,TOPIX Small 1,0,1,1,14849
4886,あすか製薬ホールディングス,医薬品,プライム（内国株式）,TOPIX Small 2,0,1,1,14886
4887,サワイグループホールディングス,医薬品,プライム（内国株式）,TOPIX Mid400,0,0,1,14887
4901,富士フイルムホールディングス,化学,プライム（内国株式）,TOPIX Large70,0,0,1,14901
4902,コニカミノルタ,電気機器,プライム（内国株式）,TOPIX Mid400,0,0,1,14902
4911,資生堂,化学,プライム（内国株式）,TOPIX Mid400,0,0,1,14911
4912,ライオン,化学,プライム（内国株式）,TOPIX Mid400,0,0,1,14912
4914,高砂香料工業,化学,プライム（内国株式）,TOPIX Small 1,0,1,1,14914
4917,マンダム,化学,プライム（内国株式）,TOPIX Small 1,0,1,1,14917
4919,ミルボン,化学,プライム（内国株式）,TOPIX Small 1,0,1,1,14919
4922,コーセーホールディングス,化学,プライム（内国株式）,TOPIX Mid400,0,0,1,14922
4923,コタ,化学,プライム（内国株式）,TOPIX Small 2,0,1,1,14923
4927,ポーラ・オルビスホールディングス,化学,プライム（内国株式）,TOPIX Mid400,0,0,1,14927
4928,ノエビアホールディングス,化学,プライム（内国株式）,TOPIX Small 1,0,1,1,14928
4931,新日本製薬,化学,プライム（内国株式）,TOPIX Small 2,0,1,1,14931
4933,Ｉ－ｎｅ,化学,プライム（内国株式）,TOPIX Small 2,0,1,1,14933
4951,エステー,化学,プライム（内国株式）,TOPIX Small 2,0,1,1,14951
4956,コニシ,化学,プライム（内国株式）,TOPIX Small 2,0,1,1,14956
4958,長谷川香料,化学,プライム（内国株式）,TOPIX Small 1,0,1,1,14958
4967,小林製薬,化学,プライム（内国株式）,TOPIX Mid400,0,0,1,14967
4968,荒川化学工業,化学,プライム（内国株式）,TOPIX Small 2,0,1,1,14968
4971,メック,化学,プライム（内国株式）,TOPIX Small 1,0,1,1,14971
4973,日本高純度化学,化学,プライム（内国株式）,TOPIX Small 2,0,1,1,14973
4974,タカラバイオ,化学,プライム（内国株式）,TOPIX Small 1,0,1,1,14974
4975,ＪＣＵ,化学,プライム（内国株式）,TOPIX Small 1,0,1,1,14975
4980,デクセリアルズ,化学,プライム（内国株式）,TOPIX Mid400,0,0,1,14980
4985,アース製薬,化学,プライム（内国株式）,TOPIX Small 1,0,1,1,14985
4996,クミアイ化学工業,化学,プライム（内国株式）,TOPIX Small 1,0,1,1,14996
4997,日本農薬,化学,プライム（内国株式）,TOPIX Small 2,0,1,1,14997
5011,ニチレキグループ,石油・石炭製品,プライム（内国株式）,TOPIX Small 2,0,1,1,15011
5016,ＪＸ金属,非鉄金属,プライム（内国株式）,TOPIX Mid400,0,0,1,15016
5019,出光興産,石油・石炭製品,プライム（内国株式）,TOPIX Mid400,0,0,1,15019
5020,ＥＮＥＯＳホールディングス,石油・石炭製品,プライム（内国株式）,TOPIX Large70,0,0,1,15020
5021,コスモエネルギーホールディングス,石油・石炭製品,プライム（内国株式）,TOPIX Mid400,0,0,1,15021
5032,ＡＮＹＣＯＬＯＲ,情報・通信業,プライム（内国株式）,TOPIX Small 1,0,1,1,15032
5036,日本ビジネスシステムズ,情報・通信業,プライム（内国株式）,TOPIX Small 2,0,1,1,15036
5074,テスホールディングス,建設業,プライム（内国株式）,TOPIX Small 2,0,1,1,15074
5076,インフロニア・ホールディングス,建設業,プライム（内国株式）,TOPIX Mid400,0,0,1,15076
5101,横浜ゴム,ゴム製品,プライム（内国株式）,TOPIX Mid400,0,0,1,15101
5105,ＴＯＹＯ　ＴＩＲＥ,ゴム製品,プライム（内国株式）,TOPIX Mid400,0,0,1,15105
5108,ブリヂストン,ゴム製品,プライム（内国株式）,TOPIX Large70,0,0,1,15108
5110,住友ゴム工業,ゴム製品,プライム（内国株式）,TOPIX Mid400,0,0,1,15110
5121,藤倉コンポジット,ゴム製品,プライム（内国株式）,TOPIX Small 2,0,1,1,15121
5122,オカモト,ゴム製品,プライム（内国株式）,TOPIX Small 2,0,1,1,15122
5142,アキレス,化学,プライム（内国株式）,TOPIX Small 2,0,1,1,15142
5185,フコク,ゴム製品,プライム（内国株式）,TOPIX Small 2,0,1,1,15185
5186,ニッタ,ゴム製品,プライム（内国株式）,TOPIX Small 2,0,1,1,15186
5192,三ツ星ベルト,ゴム製品,プライム（内国株式）,TOPIX Small 1,0,1,1,15192
5195,バンドー化学,ゴム製品,プライム（内国株式）,TOPIX Small 2,0,1,1,15195
5201,ＡＧＣ,ガラス・土石製品,プライム（内国株式）,TOPIX Mid400,0,0,1,15201
5202,日本板硝子,ガラス・土石製品,プライム（内国株式）,TOPIX Small 1,0,1,1,15202
5208,有沢製作所,化学,プライム（内国株式）,TOPIX Small 1,0,1,1,15208
5214,日本電気硝子,ガラス・土石製品,プライム（内国株式）,TOPIX Mid400,0,0,1,15214
5232,住友大阪セメント,ガラス・土石製品,プライム（内国株式）,TOPIX Mid400,0,0,1,15232
5233,太平洋セメント,ガラス・土石製品,プライム（内国株式）,TOPIX Mid400,0,0,1,15233
5261,リソルホールディングス,サービス業,プライム（内国株式）,-,0,0,1,15261
5262,日本ヒューム,ガラス・土石製品,プライム（内国株式）,TOPIX Small 1,0,1,1,15262
5269,日本コンクリート工業,ガラス・土石製品,プライム（内国株式）,TOPIX Small 2,0,1,1,15269
5288,アジアパイルホールディングス,ガラス・土石製品,プライム（内国株式）,TOPIX Small 2,0,1,1,15288
5301,東海カーボン,ガラス・土石製品,プライム（内国株式）,TOPIX Mid400,0,0,1,15301
5302,日本カーボン,ガラス・土石製品,プライム（内国株式）,TOPIX Small 1,0,1,1,15302
5310,東洋炭素,ガラス・土石製品,プライム（内国株式）,TOPIX Small 1,0,1,1,15310
5331,ノリタケ,ガラス・土石製品,プライム（内国株式）,TOPIX Small 1,0,1,1,15331
5332,ＴＯＴＯ,ガラス・土石製品,プライム（内国株式）,TOPIX Mid400,0,0,1,15332
5333,日本碍子,ガラス・土石製品,プライム（内国株式）,TOPIX Mid400,0,0,1,15333
5334,日本特殊陶業,ガラス・土石製品,プライム（内国株式）,TOPIX Mid400,0,0,1,15334
5344,ＭＡＲＵＷＡ,ガラス・土石製品,プライム（内国株式）,TOPIX Mid400,0,0,1,15344
5351,品川リフラ,ガラス・土石製品,プライム（内国株式）,TOPIX Small 1,0,1,1,15351
5357,ヨータイ,ガラス・土石製品,プライム（内国株式）,TOPIX Small 2,0,1,1,15357
5384,フジミインコーポレーテッド,ガラス・土石製品,プライム（内国株式）,TOPIX Small 1,0,1,1,15384
5393,ニチアス,ガラス・土石製品,プライム（内国株式）,TOPIX Mid400,0,0,1,15393
5401,日本製鉄,鉄鋼,プライム（内国株式）,TOPIX Large70,0,0,1,15401
5406,神戸製鋼所,鉄鋼,プライム（内国株式）,TOPIX Mid400,0,0,1,15406
5408,中山製鋼所,鉄鋼,プライム（内国株式）,TOPIX Small 2,0,1,1,15408
5410,合同製鐵,鉄鋼,プライム（内国株式）,TOPIX Small 1,0,1,1,15410
5411,ＪＦＥホールディングス,鉄鋼,プライム（内国株式）,TOPIX Mid400,0,0,1,15411
5423,東京製鐵,鉄鋼,プライム（内国株式）,TOPIX Small 1,0,1,1,15423
5440,共英製鋼,鉄鋼,プライム（内国株式）,TOPIX Small 1,0,1,1,15440
5444,大和工業,鉄鋼,プライム（内国株式）,TOPIX Mid400,0,0,1,15444
5445,東京鐵鋼,鉄鋼,プライム（内国株式）,TOPIX Small 1,0,1,1,15445
5451,ヨドコウ,鉄鋼,プライム（内国株式）,TOPIX Small 1,0,1,1,15451
5461,中部鋼鈑,鉄鋼,プライム（内国株式）,TOPIX Small 1,0,1,1,15461
5463,丸一鋼管,鉄鋼,プライム（内国株式）,TOPIX Mid400,0,0,1,15463
5471,大同特殊鋼,鉄鋼,プライム（内国株式）,TOPIX Mid400,0,0,1,15471
5480,日本冶金工業,鉄鋼,プライム（内国株式）,TOPIX Small 1,0,1,1,15480
5482,愛知製鋼,鉄鋼,プライム（内国株式）,TOPIX Small 1,0,1,1,15482
5535,ミガロホールディングス,不動産業,プライム（内国株式）,-,0,0,1,15535
5541,大平洋金属,鉄鋼,プライム（内国株式）,TOPIX Small 2,0,1,1,15541
5563,新日本電工,鉄鋼,プライム（内国株式）,TOPIX Small 1,0,1,1,15563
5602,栗本鐵工所,鉄鋼,プライム（内国株式）,TOPIX Small 1,0,1,1,15602
5631,日本製鋼所,機械,プライム（内国株式）,TOPIX Mid400,0,0,1,15631
5632,三菱製鋼,鉄鋼,プライム（内国株式）,TOPIX Small 2,0,1,1,15632
5659,日本精線,鉄鋼,プライム（内国株式）,TOPIX Small 2,0,1,1,15659
5702,大紀アルミニウム工業所,非鉄金属,プライム（内国株式）,TOPIX Small 1,0,1,1,15702
5703,日本軽金属ホールディングス,非鉄金属,プライム（内国株式）,TOPIX Small 1,0,1,1,15703
5706,三井金属,非鉄金属,プライム（内国株式）,TOPIX Mid400,0,0,1,15706
5707,東邦亜鉛,非鉄金属,プライム（内国株式）,TOPIX Small 2,0,1,1,15707
5711,三菱マテリアル,非鉄金属,プライム（内国株式）,TOPIX Mid400,0,0,1,15711
5713,住友金属鉱山,非鉄金属,プライム（内国株式）,TOPIX Mid400,0,0,1,15713
5714,ＤＯＷＡホールディングス,非鉄金属,プライム（内国株式）,TOPIX Mid400,0,0,1,15714
5715,古河機械金属,非鉄金属,プライム（内国株式）,TOPIX Small 1,0,1,1,15715
5726,大阪チタニウムテクノロジーズ,非鉄金属,プライム（内国株式）,TOPIX Small 1,0,1,1,15726
5727,東邦チタニウム,非鉄金属,プライム（内国株式）,TOPIX Small 1,0,1,1,15727
5741,ＵＡＣＪ,非鉄金属,プライム（内国株式）,TOPIX Small 1,0,1,1,15741
5757,ＣＫサンエツ,非鉄金属,プライム（内国株式）,TOPIX Small 2,0,1,1,15757
5801,古河電気工業,非鉄金属,プライム（内国株式）,TOPIX Mid400,0,0,1,15801
5802,住友電気工業,非鉄金属,プライム（内国株式）,TOPIX Large70,0,0,1,15802
5803,フジクラ,非鉄金属,プライム（内国株式）,TOPIX Large70,0,0,1,15803
5805,ＳＷＣＣ,非鉄金属,プライム（内国株式）,TOPIX Small 1,0,1,1,15805
5821,平河ヒューテック,非鉄金属,プライム（内国株式）,TOPIX Small 2,0,1,1,15821
5851,リョービ,非鉄金属,プライム（内国株式）,TOPIX Small 1,0,1,1,15851
5852,アーレスティ,非鉄金属,プライム（内国株式）,-,0,0,1,15852
5857,ＡＲＥホールディングス,非鉄金属,プライム（内国株式）,TOPIX Small 1,0,1,1,15857
5889,Ｊａｐａｎ　Ｅｙｅｗｅａｒ　Ｈｏｌｄｉｎｇｓ,小売業,プライム（内国株式）,TOPIX Small 2,0,1,1,15889
5901,東洋製罐グループホールディングス,金属製品,プライム（内国株式）,TOPIX Mid400,0,0,1,15901
5902,ホッカンホールディングス,金属製品,プライム（内国株式）,TOPIX Small 2,0,1,1,15902
5911,横河ブリッジホールディングス,金属製品,プライム（内国株式）,TOPIX Small 1,0,1,1,15911
5929,三和ホールディングス,金属製品,プライム（内国株式）,TOPIX Mid400,0,0,1,15929
5930,文化シヤッター,金属製品,プライム（内国株式）,TOPIX Small 1,0,1,1,15930
5932,三協立山,金属製品,プライム（内国株式）,TOPIX Small 2,0,1,1,15932
5933,アルインコ,金属製品,プライム（内国株式）,TOPIX Small 2,0,1,1,15933
5938,ＬＩＸＩＬ,金属製品,プライム（内国株式）,TOPIX Mid400,0,0,1,15938
5943,ノーリツ,金属製品,プライム（内国株式）,TOPIX Small 1,0,1,1,15943
5946,長府製作所,金属製品,プライム（内国株式）,TOPIX Small 2,0,1,1,15946
5947,リンナイ,金属製品,プライム（内国株式）,TOPIX Mid400,0,0,1,15947
5949,ユニプレス,輸送用機器,プライム（内国株式）,TOPIX Small 1,0,1,1,15949
5957,日東精工,金属製品,プライム（内国株式）,TOPIX Small 2,0,1,1,15957
5959,岡部,金属製品,プライム（内国株式）,TOPIX Small 2,0,1,1,15959
5970,ジーテクト,金属製品,プライム（内国株式）,TOPIX Small 1,0,1,1,15970
5975,東プレ,金属製品,プライム（内国株式）,TOPIX Small 1,0,1,1,15975
5976,高周波熱錬,金属製品,プライム（内国株式）,TOPIX Small 2,0,1,1,15976
5981,東京製綱,金属製品,プライム（内国株式）,TOPIX Small 2,0,1,1,15981
5988,パイオラックス,金属製品,プライム（内国株式）,TOPIX Small 1,0,1,1,15988
5989,エイチワン,金属製品,プライム（内国株式）,TOPIX Small 2,0,1,1,15989
5991,日本発條,金属製品,プライム（内国株式）,TOPIX Mid400,0,0,1,15991
6005,三浦工業,機械,プライム（内国株式）,TOPIX Mid400,0,0,1,16005
6013,タクマ,機械,プライム（内国株式）,TOPIX Small 1,0,1,1,16013
6027,弁護士ドットコム,サービス業,プライム（内国株式）,TOPIX Small 2,0,1,1,16027
6036,ＫｅｅＰｅｒ技研,サービス業,プライム（内国株式）,TOPIX Small 1,0,1,1,16036
6047,Ｇｕｎｏｓｙ,サービス業,プライム（内国株式）,TOPIX Small 2,0,1,1,16047
6050,イー・ガーディアン,サービス業,プライム（内国株式）,TOPIX Small 2,0,1,1,16050
6055,ジャパンマテリアル,サービス業,プライム（内国株式）,TOPIX Small 1,0,1,1,16055
6058,ベクトル,サービス業,プライム（内国株式）,TOPIX Small 2,0,1,1,16058
6062,チャーム・ケア・コーポレーション,サービス業,プライム（内国株式）,TOPIX Small 2,0,1,1,16062
6070,キャリアリンク,サービス業,プライム（内国株式）,TOPIX Small 2,0,1,1,16070
6071,ＩＢＪ,サービス業,プライム（内国株式）,TOPIX Small 2,0,1,1,16071
6073,アサンテ,サービス業,プライム（内国株式）,TOPIX Small 2,0,1,1,16073
6078,バリューＨＲ,サービス業,プライム（内国株式）,TOPIX Small 2,0,1,1,16078
6080,Ｍ＆Ａキャピタルパートナーズ,サービス業,プライム（内国株式）,TOPIX Small 1,0,1,1,16080
6088,シグマクシス・ホールディングス,サービス業,プライム（内国株式）,TOPIX Small 1,0,1,1,16088
6089,ウィルグループ,サービス業,プライム（内国株式）,TOPIX Small 2,0,1,1,16089
6098,リクルートホールディングス,サービス業,プライム（内国株式）,TOPIX Core30,0,0,1,16098
6099,エラン,サービス業,プライム（内国株式）,TOPIX Small 2,0,1,1,16099
6101,ツガミ,機械,プライム（内国株式）,TOPIX Small 1,0,1,1,16101
6103,オークマ,機械,プライム（内国株式）,TOPIX Small 1,0,1,1,16103
6104,芝浦機械,機械,プライム（内国株式）,TOPIX Small 1,0,1,1,16104
6113,アマダ,機械,プライム（内国株式）,TOPIX Mid400,0,0,1,16113
6118,アイダエンジニアリング,機械,プライム（内国株式）,TOPIX Small 1,0,1,1,16118
6134,ＦＵＪＩ,機械,プライム（内国株式）,TOPIX Mid400,0,0,1,16134
6135,牧野フライス製作所,機械,プライム（内国株式）,TOPIX Small 1,0,1,1,16135
6136,オーエスジー,機械,プライム（内国株式）,TOPIX Mid400,0,0,1,16136
6140,旭ダイヤモンド工業,機械,プライム（内国株式）,TOPIX Small 1,0,1,1,16140
6141,ＤＭＧ森精機,機械,プライム（内国株式）,TOPIX Mid400,0,0,1,16141
6143,ソディック,機械,プライム（内国株式）,TOPIX Small 1,0,1,1,16143
6146,ディスコ,機械,プライム（内国株式）,TOPIX Large70,0,0,1,16146
6151,日東工器,機械,プライム（内国株式）,TOPIX Small 2,0,1,1,16151
6167,冨士ダイス,機械,プライム（内国株式）,TOPIX Small 2,0,1,1,16167
6178,日本郵政,サービス業,プライム（内国株式）,TOPIX Large70,0,0,1,16178
6183,ベルシステム２４ホールディングス,サービス業,プライム（内国株式）,TOPIX Small 2,0,1,1,16183
6184,鎌倉新書,サービス業,プライム（内国株式）,TOPIX Small 2,0,1,1,16184
6191,エアトリ,サービス業,プライム（内国株式）,TOPIX Small 2,0,1,1,16191
6194,アトラエ,サービス業,プライム（内国株式）,TOPIX Small 2,0,1,1,16194
6196,ストライク,サービス業,プライム（内国株式）,TOPIX Small 1,0,1,1,16196
6197,ソラスト,サービス業,プライム（内国株式）,TOPIX Small 2,0,1,1,16197
6200,インソース,サービス業,プライム（内国株式）,TOPIX Small 1,0,1,1,16200
6201,豊田自動織機,輸送用機器,プライム（内国株式）,TOPIX Large70,0,0,1,16201
6209,リケンＮＰＲ,機械,プライム（内国株式）,TOPIX Small 1,0,1,1,16209
6222,島精機製作所,機械,プライム（内国株式）,TOPIX Small 1,0,1,1,16222
6235,オプトラン,機械,プライム（内国株式）,TOPIX Small 1,0,1,1,16235
6237,イワキポンプ,機械,プライム（内国株式）,TOPIX Small 2,0,1,1,16237
6238,フリュー,機械,プライム（内国株式）,TOPIX Small 2,0,1,1,16238
6240,ヤマシンフィルタ,機械,プライム（内国株式）,TOPIX Small 2,0,1,1,16240
6247,日阪製作所,機械,プライム（内国株式）,TOPIX Small 2,0,1,1,16247
6250,やまびこ,機械,プライム（内国株式）,TOPIX Small 1,0,1,1,16250
6254,野村マイクロ・サイエンス,機械,プライム（内国株式）,TOPIX Small 1,0,1,1,16254
6258,平田機工,機械,プライム（内国株式）,TOPIX Small 1,0,1,1,16258
6264,マルマエ,機械,プライム（内国株式）,TOPIX Small 2,0,1,1,16264
6266,タツモ,機械,プライム（内国株式）,TOPIX Small 2,0,1,1,16266
6268,ナブテスコ,機械,プライム（内国株式）,TOPIX Mid400,0,0,1,16268
6269,三井海洋開発,機械,プライム（内国株式）,TOPIX Mid400,0,0,1,16269
6272,レオン自動機,機械,プライム（内国株式）,TOPIX Small 2,0,1,1,16272
6273,ＳＭＣ,機械,プライム（内国株式）,TOPIX Large70,0,0,1,16273
6277,ホソカワミクロン,機械,プライム（内国株式）,TOPIX Small 1,0,1,1,16277
6278,ユニオンツール,機械,プライム（内国株式）,TOPIX Small 1,0,1,1,16278
6279,瑞光,機械,プライム（内国株式）,TOPIX Small 2,0,1,1,16279
6282,オイレス工業,機械,プライム（内国株式）,TOPIX Small 1,0,1,1,16282
6284,日精エー・エス・ビー機械,機械,プライム（内国株式）,TOPIX Small 1,0,1,1,16284
6287,サトー,機械,プライム（内国株式）,TOPIX Small 1,0,1,1,16287
6289,技研製作所,機械,プライム（内国株式）,TOPIX Small 2,0,1,1,16289
6294,オカダアイヨン,機械,プライム（内国株式）,-,0,0,1,16294
6298,ワイエイシイホールディングス,機械,プライム（内国株式）,TOPIX Small 2,0,1,1,16298
6301,小松製作所,機械,プライム（内国株式）,TOPIX Large70,0,0,1,16301
6302,住友重機械工業,機械,プライム（内国株式）,TOPIX Mid400,0,0,1,16302
6305,日立建機,機械,プライム（内国株式）,TOPIX Mid400,0,0,1,16305
6306,日工,機械,プライム（内国株式）,TOPIX Small 2,0,1,1,16306
6309,巴工業,機械,プライム（内国株式）,TOPIX Small 2,0,1,1,16309
6310,井関農機,機械,プライム（内国株式）,TOPIX Small 2,0,1,1,16310
6315,ＴＯＷＡ,機械,プライム（内国株式）,TOPIX Small 1,0,1,1,16315
6323,ローツェ,機械,プライム（内国株式）,TOPIX Mid400,0,0,1,16323
6324,ハーモニック・ドライブ・システムズ,機械,プライム（内国株式）,TOPIX Small 2,0,1,1,16324
6326,クボタ,機械,プライム（内国株式）,TOPIX Large70,0,0,1,16326
6328,荏原実業,機械,プライム（内国株式）,TOPIX Small 2,0,1,1,16328
6330,東洋エンジニアリング,建設業,プライム（内国株式）,TOPIX Small 2,0,1,1,16330
6331,三菱化工機,機械,プライム（内国株式）,TOPIX Small 1,0,1,1,16331
6332,月島ホールディングス,機械,プライム（内国株式）,TOPIX Small 1,0,1,1,16332
6333,帝国電機製作所,機械,プライム（内国株式）,TOPIX Small 2,0,1,1,16333
6339,新東工業,機械,プライム（内国株式）,TOPIX Small 2,0,1,1,16339
6340,澁谷工業,機械,プライム（内国株式）,TOPIX Small 2,0,1,1,16340
6345,アイチ　コーポレーション,機械,プライム（内国株式）,TOPIX Small 2,0,1,1,16345
6349,小森コーポレーション,機械,プライム（内国株式）,TOPIX Small 1,0,1,1,16349
6351,鶴見製作所,機械,プライム（内国株式）,TOPIX Small 2,0,1,1,16351
6358,酒井重工業,機械,プライム（内国株式）,TOPIX Small 2,0,1,1,16358
6361,荏原製作所,機械,プライム（内国株式）,TOPIX Mid400,0,0,1,16361
6363,酉島製作所,機械,プライム（内国株式）,TOPIX Small 1,0,1,1,16363
6364,ＡＩＲＭＡＮ,機械,プライム（内国株式）,TOPIX Small 2,0,1,1,16364
6367,ダイキン工業,機械,プライム（内国株式）,TOPIX Core30,0,0,1,16367
6368,オルガノ,機械,プライム（内国株式）,TOPIX Mid400,0,0,1,16368
6369,トーヨーカネツ,機械,プライム（内国株式）,TOPIX Small 2,0,1,1,16369
6370,栗田工業,機械,プライム（内国株式）,TOPIX Mid400,0,0,1,16370
6371,椿本チエイン,機械,プライム（内国株式）,TOPIX Small 1,0,1,1,16371
6376,日機装,精密機器,プライム（内国株式）,TOPIX Small 1,0,1,1,16376
6379,レイズネクスト,建設業,プライム（内国株式）,TOPIX Small 2,0,1,1,16379
6381,アネスト岩田,機械,プライム（内国株式）,TOPIX Small 2,0,1,1,16381
6383,ダイフク,機械,プライム（内国株式）,TOPIX Mid400,0,0,1,16383
6387,サムコ,機械,プライム（内国株式）,TOPIX Small 2,0,1,1,16387
6390,加藤製作所,機械,プライム（内国株式）,-,0,0,1,16390
6395,タダノ,機械,プライム（内国株式）,TOPIX Small 1,0,1,1,16395
6407,ＣＫＤ,機械,プライム（内国株式）,TOPIX Small 1,0,1,1,16407
6412,平和,機械,プライム（内国株式）,TOPIX Small 1,0,1,1,16412
6413,理想科学工業,機械,プライム（内国株式）,TOPIX Small 2,0,1,1,16413
6417,ＳＡＮＫＹＯ,機械,プライム（内国株式）,TOPIX Mid400,0,0,1,16417
6418,日本金銭機械,機械,プライム（内国株式）,TOPIX Small 2,0,1,1,16418
6419,マースグループホールディングス,機械,プライム（内国株式）,TOPIX Small 1,0,1,1,16419
6420,ガリレイ,機械,プライム（内国株式）,TOPIX Small 1,0,1,1,16420
6430,ダイコク電機,機械,プライム（内国株式）,TOPIX Small 2,0,1,1,16430
6432,竹内製作所,機械,プライム（内国株式）,TOPIX Small 1,0,1,1,16432
6436,アマノ,機械,プライム（内国株式）,TOPIX Mid400,0,0,1,16436
6440,ＪＵＫＩ,機械,プライム（内国株式）,TOPIX Small 2,0,1,1,16440
6445,ジャノメ,機械,プライム（内国株式）,TOPIX Small 2,0,1,1,16445
6448,ブラザー工業,電気機器,プライム（内国株式）,TOPIX Mid400,0,0,1,16448
6454,マックス,機械,プライム（内国株式）,TOPIX Small 1,0,1,1,16454
6455,モリタホールディングス,輸送用機器,プライム（内国株式）,TOPIX Small 2,0,1,1,16455
6457,グローリー,機械,プライム（内国株式）,TOPIX Mid400,0,0,1,16457
6458,新晃工業,機械,プライム（内国株式）,TOPIX Small 1,0,1,1,16458
6459,大和冷機工業,機械,プライム（内国株式）,TOPIX Small 2,0,1,1,16459
6460,セガサミーホールディングス,機械,プライム（内国株式）,TOPIX Mid400,0,0,1,16460
6463,ＴＰＲ,機械,プライム（内国株式）,TOPIX Small 1,0,1,1,16463
6464,ツバキ・ナカシマ,機械,プライム（内国株式）,TOPIX Small 2,0,1,1,16464
6465,ホシザキ,機械,プライム（内国株式）,TOPIX Mid400,0,0,1,16465
6471,日本精工,機械,プライム（内国株式）,TOPIX Mid400,0,0,1,16471
6472,ＮＴＮ,機械,プライム（内国株式）,TOPIX Mid400,0,0,1,16472
6473,ジェイテクト,機械,プライム（内国株式）,TOPIX Mid400,0,0,1,16473
6474,不二越,機械,プライム（内国株式）,TOPIX Small 1,0,1,1,16474
6479,ミネベアミツミ,電気機器,プライム（内国株式）,TOPIX Mid400,0,0,1,16479
6480,日本トムソン,機械,プライム（内国株式）,TOPIX Small 2,0,1,1,16480
6481,ＴＨＫ,機械,プライム（内国株式）,TOPIX Mid400,0,0,1,16481
6486,イーグル工業,機械,プライム（内国株式）,TOPIX Small 1,0,1,1,16486
6490,ＰＩＬＬＡＲ,機械,プライム（内国株式）,TOPIX Small 1,0,1,1,16490
6498,キッツ,機械,プライム（内国株式）,TOPIX Small 1,0,1,1,16498
6501,日立製作所,電気機器,プライム（内国株式）,TOPIX Core30,0,0,1,16501
6503,三菱電機,電気機器,プライム（内国株式）,TOPIX Core30,0,0,1,16503
6504,富士電機,電気機器,プライム（内国株式）,TOPIX Mid400,0,0,1,16504
6506,安川電機,電気機器,プライム（内国株式）,TOPIX Mid400,0,0,1,16506
6507,シンフォニアテクノロジー,電気機器,プライム（内国株式）,TOPIX Small 1,0,1,1,16507
6508,明電舎,電気機器,プライム（内国株式）,TOPIX Small 1,0,1,1,16508
6516,山洋電気,電気機器,プライム（内国株式）,TOPIX Small 1,0,1,1,16516
6517,デンヨー,電気機器,プライム（内国株式）,TOPIX Small 2,0,1,1,16517
6523,ＰＨＣホールディングス,電気機器,プライム（内国株式）,TOPIX Small 1,0,1,1,16523
6525,ＫＯＫＵＳＡＩ　ＥＬＥＣＴＲＩＣ,電気機器,プライム（内国株式）,TOPIX Mid400,0,0,1,16525
6526,ソシオネクスト,電気機器,プライム（内国株式）,TOPIX Mid400,0,0,1,16526
6532,ベイカレント,サービス業,プライム（内国株式）,TOPIX Mid400,0,0,1,16532
6533,Ｏｒｃｈｅｓｔｒａ　Ｈｏｌｄｉｎｇｓ,サービス業,プライム（内国株式）,TOPIX Small 2,0,1,1,16533
6535,アイモバイル,サービス業,プライム（内国株式）,TOPIX Small 2,0,1,1,16535
6539,ＭＳ－Ｊａｐａｎ,サービス業,プライム（内国株式）,TOPIX Small 2,0,1,1,16539
6544,ジャパンエレベーターサービスホールディングス,サービス業,プライム（内国株式）,TOPIX Mid400,0,0,1,16544
6560,エル・ティー・エス,サービス業,プライム（内国株式）,TOPIX Small 2,0,1,1,16560
6564,ミダックホールディングス,サービス業,プライム（内国株式）,TOPIX Small 2,0,1,1,16564
6571,キュービーネットホールディングス,サービス業,プライム（内国株式）,TOPIX Small 2,0,1,1,16571
6572,オープングループ,サービス業,プライム（内国株式）,TOPIX Small 2,0,1,1,16572
6584,三櫻工業,輸送用機器,プライム（内国株式）,TOPIX Small 2,0,1,1,16584
6586,マキタ,機械,プライム（内国株式）,TOPIX Mid400,0,0,1,16586
6588,東芝テック,電気機器,プライム（内国株式）,TOPIX Small 1,0,1,1,16588
6590,芝浦メカトロニクス,電気機器,プライム（内国株式）,TOPIX Small 1,0,1,1,16590
6592,マブチモーター,電気機器,プライム（内国株式）,TOPIX Mid400,0,0,1,16592
6594,ニデック,電気機器,プライム（内国株式）,-,0,0,1,16594
6615,ユー・エム・シー・エレクトロニクス,電気機器,プライム（内国株式）,TOPIX Small 2,0,1,1,16615
6616,トレックス・セミコンダクター,電気機器,プライム（内国株式）,TOPIX Small 2,0,1,1,16616
6617,東光高岳,電気機器,プライム（内国株式）,TOPIX Small 2,0,1,1,16617
6619,ダブル・スコープ,電気機器,プライム（内国株式）,TOPIX Small 2,0,1,1,16619
6620,宮越ホールディングス,不動産業,プライム（内国株式）,TOPIX Small 2,0,1,1,16620
6622,ダイヘン,電気機器,プライム（内国株式）,TOPIX Small 1,0,1,1,16622
6630,ヤーマン,電気機器,プライム（内国株式）,TOPIX Small 1,0,1,1,16630
6632,ＪＶＣケンウッド,電気機器,プライム（内国株式）,TOPIX Mid400,0,0,1,16632
6638,ミマキエンジニアリング,電気機器,プライム（内国株式）,TOPIX Small 2,0,1,1,16638
6644,大崎電気工業,電気機器,プライム（内国株式）,TOPIX Small 2,0,1,1,16644
6645,オムロン,電気機器,プライム（内国株式）,TOPIX Mid400,0,0,1,16645
6651,日東工業,電気機器,プライム（内国株式）,TOPIX Small 1,0,1,1,16651
6652,ＩＤＥＣ,電気機器,プライム（内国株式）,TOPIX Small 1,0,1,1,16652
6653,正興電機製作所,電気機器,プライム（内国株式）,-,0,0,1,16653
6674,ジーエス・ユアサ　コーポレーション,電気機器,プライム（内国株式）,TOPIX Mid400,0,0,1,16674
6699,ダイヤモンドエレクトリックホールディングス,電気機器,プライム（内国株式）,TOPIX Small 2,0,1,1,16699
6701,日本電気,電気機器,プライム（内国株式）,TOPIX Large70,0,0,1,16701
6702,富士通,電気機器,プライム（内国株式）,TOPIX Large70,0,0,1,16702
6703,沖電気工業,電気機器,プライム（内国株式）,TOPIX Small 1,0,1,1,16703
6706,電気興業,電気機器,プライム（内国株式）,TOPIX Small 2,0,1,1,16706
6707,サンケン電気,電気機器,プライム（内国株式）,TOPIX Mid400,0,0,1,16707
6718,アイホン,電気機器,プライム（内国株式）,TOPIX Small 2,0,1,1,16718
6723,ルネサスエレクトロニクス,電気機器,プライム（内国株式）,TOPIX Large70,0,0,1,16723
6724,セイコーエプソン,電気機器,プライム（内国株式）,TOPIX Mid400,0,0,1,16724
6727,ワコム,電気機器,プライム（内国株式）,TOPIX Small 1,0,1,1,16727
6728,アルバック,電気機器,プライム（内国株式）,TOPIX Mid400,0,0,1,16728
6737,ＥＩＺＯ,電気機器,プライム（内国株式）,TOPIX Small 1,0,1,1,16737
6740,ジャパンディスプレイ,電気機器,プライム（内国株式）,TOPIX Small 2,0,1,1,16740
6741,日本信号,電気機器,プライム（内国株式）,TOPIX Small 2,0,1,1,16741
6742,京三製作所,電気機器,プライム（内国株式）,TOPIX Small 2,0,1,1,16742
6744,能美防災,電気機器,プライム（内国株式）,TOPIX Small 1,0,1,1,16744
6745,ホーチキ,電気機器,プライム（内国株式）,TOPIX Small 2,0,1,1,16745
6750,エレコム,電気機器,プライム（内国株式）,TOPIX Small 1,0,1,1,16750
6752,パナソニック　ホールディングス,電気機器,プライム（内国株式）,TOPIX Large70,0,0,1,16752
6753,シャープ,電気機器,プライム（内国株式）,TOPIX Mid400,0,0,1,16753
6754,アンリツ,電気機器,プライム（内国株式）,TOPIX Mid400,0,0,1,16754
6758,ソニーグループ,電気機器,プライム（内国株式）,TOPIX Core30,0,0,1,16758
6762,ＴＤＫ,電気機器,プライム（内国株式）,TOPIX Large70,0,0,1,16762
6763,帝国通信工業,電気機器,プライム（内国株式）,TOPIX Small 2,0,1,1,16763
6768,タムラ製作所,電気機器,プライム（内国株式）,TOPIX Small 1,0,1,1,16768
6770,アルプスアルパイン,電気機器,プライム（内国株式）,TOPIX Mid400,0,0,1,16770
6779,日本電波工業,電気機器,プライム（内国株式）,TOPIX Small 2,0,1,1,16779
6785,鈴木,電気機器,プライム（内国株式）,TOPIX Small 2,0,1,1,16785
6787,メイコー,電気機器,プライム（内国株式）,TOPIX Small 1,0,1,1,16787
6788,日本トリム,電気機器,プライム（内国株式）,TOPIX Small 2,0,1,1,16788
6794,フォスター電機,電気機器,プライム（内国株式）,TOPIX Small 2,0,1,1,16794
6798,ＳＭＫ,電気機器,プライム（内国株式）,TOPIX Small 2,0,1,1,16798
6800,ヨコオ,電気機器,プライム（内国株式）,TOPIX Small 2,0,1,1,16800
6804,ホシデン,電気機器,プライム（内国株式）,TOPIX Small 1,0,1,1,16804
6806,ヒロセ電機,電気機器,プライム（内国株式）,TOPIX Mid400,0,0,1,16806
6807,日本航空電子工業,電気機器,プライム（内国株式）,TOPIX Small 1,0,1,1,16807
6809,ＴＯＡ,電気機器,プライム（内国株式）,TOPIX Small 2,0,1,1,16809
6810,マクセル,電気機器,プライム（内国株式）,TOPIX Small 1,0,1,1,16810
6814,古野電気,電気機器,プライム（内国株式）,TOPIX Small 1,0,1,1,16814
6817,スミダコーポレーション,電気機器,プライム（内国株式）,TOPIX Small 2,0,1,1,16817
6820,アイコム,電気機器,プライム（内国株式）,TOPIX Small 2,0,1,1,16820
6823,リオン,電気機器,プライム（内国株式）,TOPIX Small 2,0,1,1,16823
6841,横河電機,電気機器,プライム（内国株式）,TOPIX Mid400,0,0,1,16841
6844,新電元工業,電気機器,プライム（内国株式）,TOPIX Small 2,0,1,1,16844
6845,アズビル,電気機器,プライム（内国株式）,TOPIX Mid400,0,0,1,16845
6849,日本光電工業,電気機器,プライム（内国株式）,TOPIX Mid400,0,0,1,16849
6850,チノー,電気機器,プライム（内国株式）,TOPIX Small 2,0,1,1,16850
6856,堀場製作所,電気機器,プライム（内国株式）,TOPIX Mid400,0,0,1,16856
6857,アドバンテスト,電気機器,プライム（内国株式）,TOPIX Core30,0,0,1,16857
6859,エスペック,電気機器,プライム（内国株式）,TOPIX Small 1,0,1,1,16859
6861,キーエンス,電気機器,プライム（内国株式）,TOPIX Core30,0,0,1,16861
6866,日置電機,電気機器,プライム（内国株式）,TOPIX Small 1,0,1,1,16866
6869,シスメックス,電気機器,プライム（内国株式）,TOPIX Mid400,0,0,1,16869
6871,日本マイクロニクス,電気機器,プライム（内国株式）,TOPIX Small 1,0,1,1,16871
6875,メガチップス,電気機器,プライム（内国株式）,TOPIX Small 1,0,1,1,16875
6902,デンソー,輸送用機器,プライム（内国株式）,TOPIX Large70,0,0,1,16902
6905,コーセル,電気機器,プライム（内国株式）,TOPIX Small 2,0,1,1,16905
6908,イリソ電子工業,電気機器,プライム（内国株式）,TOPIX Small 1,0,1,1,16908
6914,オプテックスグループ,電気機器,プライム（内国株式）,TOPIX Small 1,0,1,1,16914
6920,レーザーテック,電気機器,プライム（内国株式）,TOPIX Large70,0,0,1,16920
6923,スタンレー電気,電気機器,プライム（内国株式）,TOPIX Mid400,0,0,1,16923
6925,ウシオ電機,電気機器,プライム（内国株式）,TOPIX Mid400,0,0,1,16925
6929,日本セラミック,電気機器,プライム（内国株式）,TOPIX Small 1,0,1,1,16929
6941,山一電機,電気機器,プライム（内国株式）,TOPIX Small 1,0,1,1,16941
6947,図研,電気機器,プライム（内国株式）,TOPIX Small 1,0,1,1,16947
6951,日本電子,電気機器,プライム（内国株式）,TOPIX Mid400,0,0,1,16951
6952,カシオ計算機,電気機器,プライム（内国株式）,TOPIX Mid400,0,0,1,16952
6954,ファナック,電気機器,プライム（内国株式）,TOPIX Large70,0,0,1,16954
6958,日本シイエムケイ,電気機器,プライム（内国株式）,TOPIX Small 2,0,1,1,16958
6961,エンプラス,電気機器,プライム（内国株式）,TOPIX Small 2,0,1,1,16961
6962,大真空,電気機器,プライム（内国株式）,TOPIX Small 2,0,1,1,16962
6963,ローム,電気機器,プライム（内国株式）,TOPIX Mid400,0,0,1,16963
6965,浜松ホトニクス,電気機器,プライム（内国株式）,TOPIX Mid400,0,0,1,16965
6966,三井ハイテック,電気機器,プライム（内国株式）,TOPIX Small 1,0,1,1,16966
6971,京セラ,電気機器,プライム（内国株式）,TOPIX Large70,0,0,1,16971
6976,太陽誘電,電気機器,プライム（内国株式）,TOPIX Mid400,0,0,1,16976
6981,村田製作所,電気機器,プライム（内国株式）,TOPIX Large70,0,0,1,16981
6986,双葉電子工業,電気機器,プライム（内国株式）,TOPIX Small 2,0,1,1,16986
6988,日東電工,化学,プライム（内国株式）,TOPIX Mid400,0,0,1,16988
6995,東海理化電機製作所,輸送用機器,プライム（内国株式）,TOPIX Small 1,0,1,1,16995
6996,ニチコン,電気機器,プライム（内国株式）,TOPIX Small 1,0,1,1,16996
6997,日本ケミコン,電気機器,プライム（内国株式）,TOPIX Small 2,0,1,1,16997
6999,ＫＯＡ,電気機器,プライム（内国株式）,TOPIX Small 1,0,1,1,16999
7003,三井Ｅ＆Ｓ,機械,プライム（内国株式）,TOPIX Mid400,0,0,1,17003
7004,カナデビア,機械,プライム（内国株式）,TOPIX Small 1,0,1,1,17004
7011,三菱重工業,機械,プライム（内国株式）,TOPIX Core30,0,0,1,17011
7012,川崎重工業,輸送用機器,プライム（内国株式）,TOPIX Mid400,0,0,1,17012
7013,ＩＨＩ,機械,プライム（内国株式）,TOPIX Mid400,0,0,1,17013
7033,マネジメントソリューションズ,サービス業,プライム（内国株式）,TOPIX Small 2,0,1,1,17033
7034,プロレド・パートナーズ,サービス業,プライム（内国株式）,TOPIX Small 2,0,1,1,17034
7038,フロンティア・マネジメント,サービス業,プライム（内国株式）,TOPIX Small 2,0,1,1,17038
7059,コプロ・ホールディングス,サービス業,プライム（内国株式）,-,0,0,1,17059
7071,アンビスホールディングス,サービス業,プライム（内国株式）,TOPIX Small 2,0,1,1,17071
7085,カーブスホールディングス,サービス業,プライム（内国株式）,TOPIX Small 1,0,1,1,17085
7088,フォーラムエンジニアリング,サービス業,プライム（内国株式）,TOPIX Small 2,0,1,1,17088
7092,Ｆａｓｔ　Ｆｉｔｎｅｓｓ　Ｊａｐａｎ,サービス業,プライム（内国株式）,-,0,0,1,17092
7095,Ｍａｃｂｅｅ　Ｐｌａｎｅｔ,サービス業,プライム（内国株式）,TOPIX Small 2,0,1,1,17095
7102,日本車輌製造,輸送用機器,プライム（内国株式）,TOPIX Small 2,0,1,1,17102
7128,ユニソルホールディングス,卸売業,プライム（内国株式）,TOPIX Small 1,0,1,1,17128
7130,ヤマエグループホールディングス,卸売業,プライム（内国株式）,TOPIX Small 1,0,1,1,17130
7201,日産自動車,輸送用機器,プライム（内国株式）,TOPIX Mid400,0,0,1,17201
7202,いすゞ自動車,輸送用機器,プライム（内国株式）,TOPIX Mid400,0,0,1,17202
7203,トヨタ自動車,輸送用機器,プライム（内国株式）,TOPIX Core30,0,0,1,17203
7211,三菱自動車工業,輸送用機器,プライム（内国株式）,TOPIX Mid400,0,0,1,17211
7220,武蔵精密工業,輸送用機器,プライム（内国株式）,TOPIX Small 1,0,1,1,17220
7224,新明和工業,輸送用機器,プライム（内国株式）,TOPIX Small 1,0,1,1,17224
